0.6518198,0.4423262,0.23292013,0.023599422,0.025497766,0.027474312,0.029524028,0.031640884,0.033817846,0.036046896,0.03831904,0.04062435,0.04295201,0.045290396,0.04762716,0.049949303,0.052243326,0.054495323,0.056691132,0.058816485,0.060857143,0.06279908,0.06462862,0.06633263,0.06789864,0.06931502,0.070571154,0.07165752,0.07256587,0.07328929,0.07382232,0.074161045,0.074303105,0.074247755,0.07399587,0.07354993,0.07291399,0.07209362,0.071095854,0.06992905,0.06860282,0.06712791,0.06551601,0.063779645,0.06193204,0.059986904,0.057958316,0.055860516,0.05370779,0.051514287,0.04929389,0.047060065,0.044825736,0.042603195,0.040403962,0.03823875,0.03611736,0.034048647,0.032040477,0.030099705,0.028232172,0.026442714,0.024735171,0.02311243,0.021576451,0.020128338,0.018768381,0.017496118,0.016310412,0.015209518,0.014191148,0.013252552,0.012390589,0.0116017945,0.010882445,0.010228628,0.0096363,0.009101337,0.0086195925,0.008186938,0.0077993055,0.00745272,0.0071433336,0.0068674455,0.0066215275,0.0064022345,0.0062064216,0.0060311467,0.005873679,0.0057314984,0.005602295,0.005483965,0.0053746062,0.005272511,0.0051761568,0.005084199,0.004995457,0.004908909,0.004823679,0.0047390233,0.0046543237,0.0045690755,0.004482877,0.0043954183,0.0043064742,0.0042158943,0.0041235937,0.004029544,0.0039337706,0.0038363398,0.0037373558,0.0036369541,0.003535296,0.0034325635,0.0033289548,0.0032246802,0.0031199593,0.0030150157,0.0029100762,0.0028053669,0.0027011114,0.002597528,0.0024948292,0.0023932185,0.0022928913,0.002194031,0.0020968113,0.0020013927
0.23118912,0.23297893,0.23486412,0.2368423,0.027773313,0.02992629,0.032158975,0.034464803,0.03683611,0.039264172,0.041739184,0.04425033,0.046785843,0.04933306,0.051878523,0.054408092,0.05690705,0.059360255,0.06175229,0.0640676,0.06629071,0.068406306,0.070399515,0.07225602,0.07396226,0.07550556,0.07687436,0.07805829,0.07904835,0.07983703,0.08041839,0.080788165,0.08094377,0.080884404,0.08061101,0.08012632,0.07943473,0.07854232,0.07745673,0.07618708,0.07474385,0.07313872,0.07138444,0.06949465,0.06748375,0.065366685,0.06315876,0.060875505,0.058532488,0.0561451,0.053728465,0.05129725,0.048865538,0.046446692,0.044053283,0.04169696,0.039388392,0.037137233,0.034952037,0.03284027,0.030808289,0.028861355,0.027003644,0.025238296,0.023567446,0.021992281,0.020513117,0.019129444,0.017840017,0.016642926,0.015535679,0.0145152705,0.013578274,0.012720909,0.011939116,0.011228627,0.010585029,0.010003828,0.0094805015,0.009010549,0.008589532,0.00821312,0.007877115,0.007577485,0.007310381,0.00707216,0.0068593915,0.0066688703,0.0064976197,0.0063428944,0.0062021776,0.0060731783,0.005953825,0.005842258,0.005736821,0.0056360494,0.0055386624,0.0054435492,0.005349757,0.0052564805,0.0051630507,0.005068921,0.0049736584,0.004876931,0.0047784992,0.0046782033,0.004575957,0.004471736,0.0043655727,0.004257545,0.0041477736,0.004036412,0.003923642,0.0038096681,0.003694712,0.0035790089,0.0034628038,0.0033463466,0.0032298893,0.0031136842,0.00299798,0.0028830196,0.0027690388,0.0026562647,0.0025449137,0.0024351904,0.0023272866,0.0022213815
0.2329195,0.23486379,0.23691167,0.2390606,0.24130687,0.032508913,0.034934327,0.037439205,0.040015228,0.042652912,0.04534162,0.0480696,0.050824065,0.053591266,0.056356587,0.059104662,0.061819524,0.064484715,0.067083485,0.06959895,0.07201429,0.07431287,0.07647856,0.0784958,0.08034984,0.082026936,0.08351452,0.084801346,0.08587763,0.08673521,0.087367654,0.0877703,0.08794037,0.08787698,0.08758119,0.0870559,0.08630594,0.08533791,0.0841601,0.08278242,0.08121625,0.079474285,0.07757037,0.07551933,0.0733368,0.071039006,0.06864259,0.06616441,0.06362136,0.06103018,0.058407295,0.055768616,0.053129453,0.050504316,0.04790685,0.04534971,0.04284449,0.040401652,0.038030498,0.035739124,0.033534434,0.031422134,0.029406762,0.027491711,0.025679298,0.023970809,0.022366576,0.020866038,0.019467838,0.018169893,0.016969483,0.015863346,0.014847746,0.013918571,0.013071403,0.0123016,0.011604362,0.0109748,0.010407996,0.009899055,0.009443149,0.009035571,0.008671753,0.008347314,0.008058069,0.007800055,0.0075695454,0.0073630554,0.0071773487,0.007009443,0.006856604,0.006716342,0.006586408,0.0064647836,0.0063496702,0.0062394794,0.006132823,0.006028497,0.005925471,0.005822873,0.005719982,0.0056162104,0.0055110916,0.0054042717,0.005295496,0.0051845973,0.0050714896,0.0049561528,0.0048386287,0.0047190106,0.004597436,0.004474079,0.0043491432,0.0042228596,0.0040954766,0.0039672563,0.003838472,0.0037094024,0.0035803274,0.0034515283,0.0033232803,0.0031958544,0.0030695125,0.0029445065,0.0028210764,0.0026994497,0.0025798394,0.0024624434
0.023598399,0.23684156,0.2390602,0.24138826,0.24382183,0.24635567,0.03784653,0.04056029,0.04335114,0.04620881,0.049121767,0.052077297,0.05506154,0.058059614,0.061055675,0.06403308,0.06697454,0.069862224,0.07267799,0.075403556,0.078020684,0.08051138,0.08285816,0.08504415,0.08705341,0.08887104,0.09048341,0.09187836,0.09304529,0.09397536,0.09466159,0.09509895,0.09528442,0.09521706,0.09489799,0.0943304,0.09351949,0.0924724,0.09119815,0.08970745,0.088012636,0.08612747,0.08406692,0.08184709,0.07948488,0.076997876,0.07440412,0.07172186,0.0689694,0.06616487,0.06332606,0.060470216,0.057613894,0.054772835,0.051961802,0.049194504,0.04648349,0.043840095,0.041274384,0.03879513,0.0364098,0.03412456,0.03194433,0.029872777,0.0279124,0.026064586,0.024329683,0.022707077,0.021195289,0.019792054,0.018494418,0.017298834,0.016201252,0.015197203,0.014281896,0.013450294,0.012697188,0.012017275,0.011405219,0.010855709,0.010363514,0.00992352,0.00953078,0.009180539,0.00886826,0.008589648,0.008340657,0.008117513,0.0079167085,0.007735011,0.0075694555,0.007417348,0.007276251,0.0071439776,0.0070185843,0.006898352,0.0067817788,0.0066675656,0.006554599,0.0064419424,0.0063288175,0.0062145935,0.006098774,0.0059809806,0.0058609447,0.0057384945,0.0056135417,0.0054860758,0.005356149,0.0052238707,0.0050893985,0.00495293,0.004814696,0.0046749534,0.004533981,0.0043920707,0.004249527,0.00410666,0.0039637815,0.0038212035,0.0036792324,0.0035381683,0.0033983015,0.0032599117,0.003123265,0.0029886137,0.0028561938,0.0027262247
0.025496254,0.027772048,0.24130593,0.2438213,0.24645065,0.24918833,0.2520274,0.043822713,0.046838135,0.04992577,0.05307316,0.056266572,0.059491042,0.06273047,0.06596777,0.069184944,0.072363324,0.07548364,0.07852631,0.08147157,0.08429971,0.08699134,0.08952751,0.09189003,0.09406168,0.09602635,0.09776934,0.09927749,0.100539364,0.10154541,0.1022881,0.102761984,0.10296383,0.102892585,0.10254949,0.101937994,0.10106369,0.09993434,0.09855964,0.096951194,0.4329412,0.43090674,0.42868292,0.08846826,0.085918725,0.08323445,0.08043494,0.0775399,0.0745691,0.07154213,0.068478204,0.06539595,0.062313255,0.05924711,0.056213472,0.05322714,0.05030167,0.047449294,0.044680886,0.04200591,0.039432425,0.0369671,0.034615222,0.032380752,0.030266378,0.028273592,0.026402755,0.0246532,0.023023317,0.021510646,0.020111987,0.018823499,0.017640792,0.016559035,0.015573034,0.014677341,0.013866321,0.013134233,0.012475303,0.011883785,0.011354021,0.01088048,0.010457808,0.010080864,0.009744738,0.34726366,0.3469955,0.34675506,0.008719701,0.00852363,0.008344789,0.008180266,0.008027429,0.007883916,0.007747631,0.0076167183,0.0074895606,0.0073647574,0.007241112,0.007117619,0.0069934423,0.006867909,0.006740489,0.0066107833,0.006478509,0.0063434895,0.0062056403,0.0060649575,0.0059215087,0.0057754223,0.0056268787,0.0054761013,0.0053233495,0.005168912,0.0050130985,0.0048562367,0.0046986644,0.004540726,0.004382769,0.0042251386,0.0040681744,0.003912209,0.0037575648,0.0036045522,0.0034534647,0.003304582,0.0031581658,0.0030144583
0.027472217,0.029924423,0.032507353,0.2463545,0.24918768,0.25213763,0.2551968,0.25835627,0.050468758,0.05379585,0.05718736,0.060628485,0.0641031,0.06759389,0.0710824,0.07454929,0.0779744,0.08133702,0.08461601,0.08779011,0.09083808,0.09373901,0.09647252,0.099019,0.101359874,0.10347783,0.105357,0.106983215,0.10834417,0.109429576,0.11023131,0.11074351,0.11096269,0.11088773,0.11051998,0.10986312,0.10892322,0.1077086,0.10622976,0.10449917,0.4403501,0.4381607,0.4357674,0.09537004,0.09262601,0.08973694,0.08672378,0.083607815,0.080410324,0.07715241,0.07385477,0.07053746,0.06721978,0.063920006,0.060655322,0.05744168,0.054293673,0.051224466,0.048245776,0.045367792,0.042599186,0.039947126,0.037417307,0.03501398,0.032740038,0.030597072,0.028585462,0.026704477,0.024952363,0.023326466,0.021823326,0.020438788,0.019168112,0.01800608,0.016947087,0.01598525,0.015114484,0.014328596,0.013621354,0.0129865585,0.0124181,0.011910014,0.011456523,0.01105208,0.010691393,0.3481883,0.3479004,0.3476421,0.009590483,0.009379497,0.009186829,0.009009341,0.008844198,0.008688859,0.008541064,0.008398822,0.008260392,0.00812427,0.007989173,0.007854025,0.0077179335,0.007580182,0.0074402066,0.0072975876,0.007152031,0.0070033576,0.006851486,0.006696423,0.0065382547,0.0063771303,0.006213255,0.0060468833,0.0058783065,0.005707846,0.0055358503,0.005362682,0.0051887175,0.0050143395,0.0048399335,0.004665881,0.00449256,0.004320338,0.004149572,0.003980604,0.0038137608,0.0036493505,0.0034876624,0.0033289648
0.029521242,0.03215639,0.03493202,0.03784461,0.25202596,0.25519603,0.25848353,0.2618788,0.26537055,0.057809196,0.061453894,0.06515193,0.068886004,0.07263748,0.07638658,0.08011248,0.08379355,0.087407514,0.090931684,0.0943432,0.097619265,0.10073739,0.10367568,0.44423196,0.4467485,0.4490256,0.113227375,0.11497627,0.11644023,0.117608204,0.118471466,0.119023725,0.45708013,0.4570017,0.45660868,0.118086375,0.11707888,0.11577634,0.11418997,0.11233324,0.4480404,0.44569093,0.4431225,0.10253632,0.099591255,0.09649044,0.09325644,0.08991208,0.08648024,0.08298358,0.07944435,0.0758841,0.07232353,0.0687823,0.40309772,0.3996492,0.3962713,0.05515925,0.051963378,0.048875757,0.045905694,0.043060888,0.04034743,0.037769895,0.03533136,0.033033535,0.030876806,0.028860377,0.026982354,0.025239864,0.023629177,0.022145817,0.020784676,0.019540131,0.018406147,0.017376387,0.016444303,0.0156032285,0.014846452,0.014167301,0.013559202,0.013015734,0.012530684,0.012098078,0.011712222,0.34918657,0.34887838,0.3486017,0.010533364,0.010306968,0.01009997,0.009908994,0.009730997,0.009563249,0.009403326,0.009249091,0.00909868,0.008950484,0.008803132,0.008655471,0.008506556,0.008355625,0.008202081,0.008045487,0.007885538,0.007722052,0.007554956,0.00738427,0.0072101,0.0070326203,0.006852066,0.006668723,0.006482919,0.0062950156,0.006105398,0.0059144716,0.0057226536,0.005530369,0.0053380444,0.0051461025,0.0049549616,0.0047650286,0.004576698,0.004390347,0.004206337,0.0040250085,0.0038466814,0.0036716512
0.031637285,0.034461368,0.037436016,0.04055746,0.043820355,0.25835454,0.2618778,0.2655166,0.26925886,0.2730908,0.06586021,0.06982363,0.0738257,0.077846475,0.081864744,0.08585822,0.08980371,0.093677364,0.09745485,0.10111169,0.104623444,0.107966036,0.11111599,0.45186964,0.45456785,0.45700955,0.12135763,0.123233505,0.124804154,0.12605771,0.12698488,0.12757887,0.46565455,0.46557295,0.46515444,0.12658446,0.12550765,0.12411481,0.122417994,0.120431565,0.11817208,0.11565795,0.11290931,0.10994765,0.106795706,0.103476994,0.10001569,0.09643628,0.09276325,0.0890209,0.08523305,0.0814228,0.07761232,0.07382268,0.4078925,0.4042024,0.400588,0.05924567,0.05582652,0.05252341,0.04934632,0.04630347,0.04340139,0.040644955,0.038037457,0.0355807,0.033275098,0.03111977,0.029112674,0.02725072,0.025529888,0.023945365,0.022491664,0.021162743,0.019952117,0.01885298,0.017858302,0.016960923,0.016153637,0.015429283,0.014780799,0.014201298,0.013684109,0.013222821,0.012811325,0.012443834,0.01211491,0.011819471,0.011552802,0.011310561,0.011088769,0.010883815,0.010692434,0.010511707,0.010339037,0.010172141,0.010009024,0.009847973,0.009687524,0.009526456,0.00936376,0.009198634,0.00903045,0.008858753,0.00868323,0.008503699,0.008320097,0.008132463,0.007940923,0.0077456813,0.007547007,0.007345222,0.0071406933,0.006933825,0.0067250454,0.0065148077,0.0063035726,0.006091811,0.005879995,0.0056685936,0.0054580676,0.0052488665,0.0050414256,0.004836163,0.0046334765,0.004433741,0.00423731,0.0040445095
0.033813305,0.036831688,0.040011007,0.04334723,0.3846535,0.3882847,0.60318726,0.26925766,0.27325755,0.27735332,0.28152847,0.07462807,0.078905806,0.083203584,0.087498754,0.09176748,0.095985,0.10012582,0.104163945,0.10807322,0.11182752,0.115401134,0.118768975,0.45972583,0.46261105,0.4652223,0.12972115,0.13172792,0.13340862,0.13475057,0.13574383,0.13638118,0.4744772,0.47439283,0.47394854,0.13533007,0.13418259,0.13269751,0.13088773,0.12876861,0.12635784,0.12367511,0.120741904,0.11758125,0.11421736,0.110675454,0.10698131,0.10316109,0.09924099,0.09524696,0.09120445,0.08713814,0.08307172,0.07902769,0.41284603,0.4089086,0.40505219,0.06347415,0.059826523,0.056302976,0.052914146,0.049668804,0.046573915,0.043634664,0.040854562,0.038235515,0.035777945,0.0334809,0.031342175,0.02935844,0.027525388,0.025837857,0.024289962,0.022875225,0.021586705,0.020417104,0.01935889,0.018404396,0.01754591,0.016775755,0.016086379,0.0154703995,0.01492068,0.014430356,0.013992893,0.013602091,0.013252136,0.012937587,0.012653404,0.012394941,0.012157949,0.011938562,0.011733294,0.011539031,0.011352999,0.011172765,0.010996204,0.0108214915,0.010647075,0.010471658,0.010294178,0.010113787,0.009929831,0.009741835,0.009549485,0.009352597,0.009151129,0.008945133,0.008734765,0.008520262,0.00830193,0.00808013,0.007855278,0.0076278215,0.0073982375,0.0071670283,0.0069347047,0.006701789,0.0064688018,0.006236261,0.006004676,0.0057745436,0.0055463426,0.0053205346,0.0050975564,0.0048778234,0.0046617235,0.004449617
0.036041263,0.03925859,0.04264748,0.04620363,0.38773984,0.39161047,0.39562455,0.27308822,0.27735186,0.2817178,0.28616843,0.29068434,0.084107615,0.0886891,0.09326788,0.09781855,0.102314726,0.10672922,0.11103437,0.11520227,0.11920511,0.12301546,0.12660663,0.12995291,0.13302995,0.13581508,0.1382875,0.14042866,0.14222242,0.1436553,0.1447167,0.14539891,0.1456974,0.14561073,0.14514066,0.14429204,0.14307284,0.14149404,0.13956931,0.13731512,0.13475026,0.13189574,0.12877445,0.12541094,0.12183102,0.11806156,0.11413003,0.11006431,0.10589234,0.10164173,0.09733962,0.09301232,0.08868504,0.08438178,0.08012501,0.07593562,0.071832694,0.06783346,0.06395323,0.0602053,0.056600995,0.053149655,0.049858674,0.04673357,0.04377806,0.040994152,0.038382277,0.035941403,0.033669148,0.031561952,0.029615203,0.027823372,0.026180163,0.024678653,0.023311423,0.022070676,0.020948362,0.01993629,0.019026222,0.01820996,0.017479436,0.016826767,0.016244333,0.015724808,0.015261209,0.014846926,0.014475745,0.014141869,0.0138399135,0.013564929,0.013312383,0.013078151,0.012858528,0.012650188,0.012450186,0.012255932,0.012065172,0.011875969,0.01168668,0.011495937,0.011302617,0.0111058345,0.01090491,0.010699353,0.0104888445,0.010273214,0.010052429,0.00982657,0.0095958235,0.009360464,0.009120836,0.008877351,0.008630469,0.008380692,0.008128552,0.007874601,0.0076194075,0.0073635476,0.007107598,0.0068521267,0.0065976987,0.00634486,0.006094138,0.0058460403,0.00560105,0.0053596217,0.005122183,0.0048891306
0.038312145,0.041732263,0.045334775,0.04911511,0.39088568,0.39500037,0.39926755,0.06585591,0.2815253,0.2861667,0.29089814,0.29569903,0.30054694,0.09428093,0.09914889,0.10398706,0.108767405,0.11346102,0.11803851,0.122470245,0.12672663,0.13077854,0.13459758,0.13815649,0.14142935,0.14439207,0.14702256,0.14930111,0.15121056,0.15273662,0.15386796,0.15459646,0.1549173,0.15482892,0.15433322,0.15343535,0.15214382,0.15047023,0.14842921,0.1460382,0.14331721,0.14028853,0.13697655,0.13340732,0.12960829,0.12560801,0.12143568,0.11712094,0.11269345,0.10818261,0.103617206,0.099025205,0.09443341,0.089867316,0.08535079,0.08090601,0.07655326,0.07231085,0.068195015,0.06421988,0.06039745,0.056737654,0.05324831,0.049935274,0.04680247,0.043852013,0.04108433,0.0384983,0.036091372,0.033859737,0.03179846,0.02990164,0.028162569,0.026573855,0.02512759,0.023815464,0.022628902,0.021559166,0.02059748,0.019735117,0.018963473,0.018274162,0.017659059,0.017110365,0.016620643,0.01618286,0.015790401,0.015437093,0.01511721,0.014825483,0.014557091,0.014307658,0.01407324,0.013850307,0.013635736,0.013426781,0.013221055,0.013016507,0.012811408,0.012604316,0.012394055,0.0121797,0.011960546,0.011736092,0.011506021,0.011270174,0.3488474,0.34860006,0.3483473,0.010270533,0.01000787,0.00974092,0.009470196,0.009196258,0.0089196935,0.008641118,0.008361159,0.00808045,0.007799628,0.007519323,0.007240151,0.006962715,0.006687597,0.0064153546,0.006146517,0.0058815866,0.0056210314,0.0053652874
0.040616,0.04424187,0.048061125,0.052068926,0.056258436,0.060620755,0.0651448,0.06981732,0.07462284,0.2906805,0.2956969,0.30078706,0.3059271,0.31109145,0.105116144,0.11024614,0.11531493,0.12029191,0.12514593,0.12984551,0.13435939,0.13865665,0.14270721,0.14648214,0.14995404,0.15309733,0.15588863,0.15830703,0.16033436,0.16195548,0.16315839,0.16393448,0.16427866,0.16418926,0.16366832,0.1627213,0.16135722,0.15958841,0.15743034,0.15490152,0.15202315,0.1488189,0.14531457,0.14153783,0.13751774,0.13328454,0.12886925,0.12430324,0.11961794,0.11484451,0.11001347,0.10515445,0.10029586,0.09546468,0.09068623,0.085984,0.081379466,0.07689201,0.07253884,0.06833489,0.0642929,0.060423326,0.05673446,0.39105135,0.38774034,0.3846226,0.043879684,0.041148033,0.0386061,0.0362498,0.03407388,0.032072064,0.030237196,0.028561426,0.027036335,0.02565309,0.024402574,0.0232755,0.02226254,0.02135442,0.020541998,0.019816363,0.019168884,0.018591277,0.018075649,0.017614521,0.017200874,0.016828157,0.016490296,0.016181694,0.01589724,0.0156323,0.0153826885,0.015144672,0.014914946,0.014690604,0.014469132,0.014248367,0.01402649,0.013801985,0.013573629,0.013340459,0.013101748,0.012856993,0.012605874,0.012348251,0.349903,0.34963253,0.349356,0.011254863,0.010967316,0.010675011,0.01037852,0.010078464,0.009775496,0.009470293,0.009163552,0.008855971,0.0085482495,0.008241082,0.007935146,0.007631106,0.0073295985,0.0070312372,0.0067366036,0.0064462493,0.0061606877,0.005880397
0.042942,0.046775617,0.050813716,0.055051193,0.059480827,0.06409319,0.068876594,0.07381703,0.07889814,0.08410128,0.3005423,0.30592453,0.31135964,0.3168205,0.32227847,0.116566494,0.12192671,0.12718998,0.13232338,0.1372937,0.14206782,0.14661309,0.15089774,0.15489118,0.15856445,0.1618905,0.16484465,0.16740477,0.1695517,0.17126942,0.17254525,0.17337011,0.1737386,0.173649,0.17310344,0.17210771,0.17067137,0.16880742,0.16653225,0.16386542,0.16082935,0.15744907,0.15375187,0.14976694,0.14552504,0.14105818,0.13639906,0.1315809,0.12663691,0.12160001,0.11650247,0.11137558,0.10624938,0.101152375,0.09611133,0.091151014,0.08629416,0.081561215,0.07697034,0.07253733,0.06827559,0.064196184,0.060307823,0.39443588,0.39094695,0.38766223,0.046763293,0.0438865,0.041210096,0.03872974,0.036439836,0.03433372,0.0324038,0.030641738,0.029038604,0.02758503,0.02627134,0.025087697,0.024024213,0.023071047,0.02221852,0.021457179,0.020777889,0.020171862,0.019630741,0.019146608,0.018712029,0.018320063,0.017964283,0.017638773,0.01733812,0.017057426,0.01679227,0.016538708,0.016293256,0.016052848,0.015814839,0.0155769605,0.015337302,0.015094281,0.014846625,0.0145933395,0.01433368,0.0140671395,0.013793407,0.013512366,0.35104293,0.35074753,0.35044536,0.0123179685,0.012003584,0.011683921,0.011359622,0.0110313725,0.0106999,0.010365949,0.010030288,0.009693687,0.009356916,0.0090207355,0.008685893,0.008353117,0.008023107,0.007696533,0.007374037,0.007056219,0.006743645,0.0064368383
0.04527849,0.04932081,0.05357877,0.058046985,0.062717855,0.06758145,0.072625436,0.07783506,0.08319308,0.08867983,0.09427327,0.31108582,0.31681743,0.32257634,0.3283323,0.33405343,0.1285698,0.13412091,0.13953523,0.14477779,0.14981365,0.15460844,0.15912862,0.16334198,0.16721798,0.17072816,0.17384644,0.17654955,0.17881727,0.18063271,0.18198256,0.18285723,0.183251,0.18316212,0.1825928,0.18154919,0.18004134,0.17808299,0.17569141,0.17288724,0.16969411,0.1661384,0.16224888,0.15805635,0.15359327,0.1488933,0.14399098,0.13892128,0.13371924,0.12841953,0.1230562,0.11766219,0.11226917,0.10690718,0.10160441,0.09638697,0.09127878,0.0863014,0.08147394,0.07681302,0.072332755,0.06804477,0.06395823,0.3978988,0.39423332,0.39078304,0.049729545,0.046709076,0.04389968,0.041296747,0.038894348,0.036685407,0.034661885,0.032814957,0.031135174,0.029612616,0.028237062,0.026998093,0.02588526,0.024888154,0.023996541,0.023200437,0.022490175,0.021856481,0.021290513,0.02078391,0.02032882,0.019917913,0.019544406,0.01920205,0.018885145,0.018588515,0.018307509,0.018037971,0.017776236,0.017519087,0.017263744,0.017007835,0.016749362,0.016486678,0.016218467,0.015943704,0.015661635,0.015371749,0.015073759,0.014767566,0.014453248,0.014131038,0.013801294,0.013464491,0.013121197,0.01277206,0.012417791,0.012059157,0.011696954,0.011332009,0.010965166,0.010597271,0.010229172,0.009861704,0.009495688,0.009131918,0.008771164,0.008414162,0.008061611,0.0077141714,0.0073724613,0.007037054
0.0476131,0.051863976,0.05634164,0.061040446,0.0659524,0.071067065,0.07637148,0.08185014,0.087484926,0.09325516,0.09913768,0.10510689,0.3222717,0.32832858,0.33438247,0.3403999,0.346346,0.1410482,0.14674352,0.15225841,0.1575562,0.1626007,0.16735668,0.17179029,0.17586942,0.17956413,0.18284705,0.18569373,0.18808289,0.18999678,0.19142143,0.19234677,0.1927668,0.19267967,0.19208774,0.19099747,0.1894194,0.18736804,0.18486154,0.18192157,0.17857301,0.17484362,0.17076361,0.1663654,0.16168307,0.15675205,0.15160863,0.14628959,0.14083175,0.13527158,0.12964481,0.123986125,0.11832876,0.1127043,0.10714237,0.1016704,0.0963135,0.09109432,0.086032934,0.08114678,0.07645066,0.07195677,0.0676747,0.06361159,0.05977218,0.056158956,0.052772302,0.049610674,0.04667076,0.043947667,0.041435122,0.03912564,0.037010726,0.035081062,0.033326667,0.031737078,0.030301502,0.029008955,0.0278484,0.026808873,0.025879579,0.025049983,0.024309898,0.023649544,0.023059607,0.022531277,0.022056278,0.021626893,0.021235976,0.020876953,0.020543825,0.020231148,0.019934038,0.019648135,0.019369584,0.019095022,0.01882154,0.018546661,0.018268306,0.017984772,0.017694699,0.017397035,0.017091025,0.016776161,0.016452176,0.016119007,0.015776776,0.015425758,0.01506638,0.014699174,0.014324786,0.01394394,0.013557425,0.013166082,0.012770801,0.012372488,0.011972072,0.011570482,0.011168648,0.010767487,0.0103678955,0.009970747,0.009576883,0.009187109,0.0088021895,0.008422846,0.008049754,0.007683542
0.049932808,0.054390933,0.059086937,0.0640149,0.069166444,0.074530624,0.08009388,0.08583994,0.09174982,0.09780184,0.10397173,0.11023264,0.11655537,0.3340453,0.34039542,0.3467075,0.35294494,0.35907027,0.15390837,0.15969425,0.1652527,0.17054579,0.17553657,0.18018956,0.18447113,0.18834989,0.19179714,0.19478722,0.19729787,0.19931051,0.20081046,0.20178719,0.20223442,0.20215023,0.20153706,0.20040175,0.19875535,0.19661304,0.19399391,0.19092067,0.18741941,0.18351923,0.17925183,0.17465118,0.16975304,0.16459455,0.15921377,0.15364923,0.14793953,0.14212292,0.13623688,0.13031767,0.124400236,0.11851761,0.11270081,0.10697864,0.10137737,0.09592071,0.09062968,0.08552254,0.080614775,0.07591912,0.071445614,0.06720169,0.06319226,0.05941991,0.055884987,0.052585825,0.049518898,0.04667904,0.044059608,0.041652717,0.03944941,0.03743987,0.03561358,0.03395953,0.032466352,0.031122485,0.02991632,0.028836321,0.027871128,0.027009662,0.026241215,0.025555499,0.024942722,0.024393622,0.023899507,0.023452267,0.023044396,0.022668997,0.02231977,0.02199101,0.021677598,0.021374967,0.021079088,0.020786447,0.020494014,0.020199208,0.019899879,0.019594263,0.019280966,0.01895892,0.018627366,0.018285813,0.017934019,0.017571958,0.0171998,0.016817885,0.0164267,0.016026856,0.015619074,0.015204159,0.014782991,0.0143565,0.013925661,0.013491477,0.013054965,0.012617146,0.0121790385,0.011741647,0.0113059515,0.01087291,0.010443439,0.0100184195,0.009598688,0.009185034,0.008778193,0.00837885
0.052224085,0.056886945,0.061798647,0.066952996,0.07234124,0.07795196,0.08377095,0.089781225,0.09596293,0.10229341,0.10874727,0.115296476,0.121910475,0.12855643,0.34633625,0.3529396,0.35946518,0.36587366,0.37212506,0.16704229,0.17285866,0.1783978,0.1836211,0.18849143,0.19297364,0.19703493,0.20064528,0.20377791,0.20640954,0.20852073,0.21009617,0.21112484,0.21160018,0.21152021,0.21088752,0.20970924,0.20799692,0.20576647,0.20303786,0.19983482,0.19618468,0.19211784,0.18766746,0.18286908,0.17776008,0.1723793,0.16676651,0.16096203,0.15500621,0.14893901,0.1427996,0.13662596,0.13045451,0.12431984,0.118254334,0.11228807,0.106448516,0.10076042,0.09524574,0.08992351,0.08480989,0.07991816,0.07525878,0.07083944,0.06666527,0.0627389,0.059060648,0.05562871,0.05243936,0.04948713,0.046765026,0.044264745,0.041976865,0.039891064,0.037996303,0.036280997,0.03473323,0.03334085,0.032091677,0.030973598,0.029974697,0.029083353,0.028288325,0.027578825,0.026944589,0.026375903,0.025863655,0.025399351,0.024975127,0.024583759,0.024218656,0.023873854,0.023543999,0.02322432,0.3607295,0.3604181,0.36010593,0.021971341,0.021649906,0.021320939,0.020983003,0.020635031,0.020276261,0.019906225,0.019524714,0.019131752,0.018727563,0.018312551,0.017887281,0.35527128,0.3548277,0.35437623,0.016099038,0.015634825,0.015165823,0.014693132,0.014217869,0.013741153,0.013264101,0.012787806,0.012313344,0.011841758,0.011374051,0.010911185,0.010454071,0.01000357,0.009560484,0.009125563
0.05447299,0.059336834,0.06446028,0.06983688,0.07545751,0.08131027,0.08738037,0.093650065,0.10009869,0.10670262,0.11343537,0.12026773,0.12716784,0.13410145,0.14103219,0.3590586,0.3658673,0.7103729,0.71689624,0.7232138,0.1803283,0.18610954,0.19156168,0.19664605,0.20132598,0.20556727,0.20933865,0.2126122,0.21536364,0.21757272,0.21922348,0.22030446,0.22080883,0.22073454,0.22008428,0.2188655,0.21709032,0.21477525,0.21194117,0.20861287,0.2048188,0.20059069,0.19596313,0.19097318,0.18565983,0.18006355,0.17422584,0.16818874,0.16199431,0.1556842,0.14929928,0.1428791,0.13646162,0.1300829,0.123776704,0.11757433,0.1115044,0.105592705,0.099862084,0.094332345,0.089020304,0.08393976,0.07910155,0.07451368,0.070181414,0.06610744,0.062292043,0.05873328,0.055427197,0.05236803,0.049548436,0.04695968,0.04459189,0.042434227,0.040475123,0.038702447,0.037103698,0.035666168,0.03437709,0.03322379,0.032193787,0.031274922,0.03045543,0.029724026,0.029069975,0.028483115,0.02795392,0.027473517,0.027033681,0.026626876,0.02624622,0.02588549,0.025539108,0.025202112,0.362689,0.36235824,0.36202544,0.023868976,0.023524283,0.023170643,0.022806609,0.022431098,0.022043368,0.02164298,0.02122976,0.020803792,0.020365363,0.019914953,0.019453209,0.35679975,0.35631782,0.3558272,0.017510159,0.017005522,0.016495619,0.015981654,0.015464852,0.014946439,0.014427628,0.013909626,0.013393598,0.012880685,0.012371981,0.011868531,0.011371332,0.010881321,0.010399371,0.009926298
0.05666534,0.061725147,0.067055054,0.07264837,0.078495614,0.084584415,0.090899386,0.09742211,0.104131065,0.11100172,0.11800655,0.12511514,0.13229439,0.13950871,0.14672026,0.15388927,0.3721111,0.7168886,0.72367734,0.7302525,0.3987517,0.19363286,0.19930886,0.20460269,0.20947625,0.21389398,0.21782339,0.22123542,0.22410487,0.2264107,0.22813632,0.2292698,0.22980407,0.22973701,0.22907147,0.22781515,0.2259807,0.22358532,0.22065072,0.21720265,0.21327078,0.20888805,0.2040905,0.19891663,0.193407,0.1876037,0.1815499,0.1752893,0.16886562,0.1623222,0.15570146,0.14904457,0.14239098,0.13577814,0.12924115,0.12281253,0.11652201,0.11039635,0.10445927,0.09873133,0.093229964,0.08796946,0.082961045,0.07821297,0.07373066,0.06951685,0.065571755,0.061893303,0.0584773,0.055317696,0.052406773,0.049735386,0.047293194,0.04506886,0.043050285,0.041224785,0.039579295,0.038100533,0.03677517,0.035589963,0.034531888,0.033588238,0.03274674,0.031995613,0.031323656,0.030720271,0.030175522,0.029680151,0.0292256,0.028804012,0.028408222,0.028031766,0.027668837,0.027314285,0.36478245,0.36443168,0.36407745,0.025898082,0.025528936,0.025149269,0.024757614,0.024352897,0.02393439,0.023501694,0.02305469,0.022593515,0.022118537,0.021630317,0.021129593,0.3584361,0.35791314,0.35738066,0.01902098,0.01847309,0.017919414,0.017361274,0.01680001,0.016236957,0.015673451,0.015110795,0.014550267,0.013993106,0.013440506,0.012893606,0.012353488,0.011821171,0.011297611,0.010783687
0.058786824,0.064036295,0.06956604,0.07536913,0.08143574,0.087753035,0.094305076,0.101072766,0.108033806,0.11516275,0.122431055,0.12980719,0.13725683,0.1447431,0.15222675,0.15966651,0.16701952,0.7231973,0.7302435,0.7370685,0.4058083,0.41205606,0.20681272,0.21231018,0.21737209,0.22196166,0.22604516,0.2295925,0.23257755,0.23497847,0.2367781,0.23796411,0.23852916,0.23847105,0.23779276,0.23650232,0.23461282,0.2321422,0.22911285,0.22555162,0.2214892,0.21695983,0.21200085,0.20665222,0.200956,0.19495586,0.18869652,0.18222332,0.17558163,0.16881633,0.16197143,0.15508962,0.14821176,0.14137667,0.13462073,0.12797761,0.121478125,0.11514998,0.10901771,0.1031026,0.09742268,0.09199268,0.086824216,0.08192577,0.07730289,0.072958335,0.06889228,0.06510247,0.061584506,0.05833202,0.055336934,0.05258968,0.050079465,0.047794446,0.045722,0.043848902,0.042161524,0.040646028,0.03928852,0.038075197,0.036992494,0.03602718,0.03516647,0.034398105,0.033710416,0.033092387,0.03253368,0.03202466,0.031556435,0.031120842,0.030710446,0.030318538,0.029939102,0.029566808,0.029196978,0.028825555,0.028449073,0.028064625,0.027669808,0.027262716,0.02684187,0.026406208,0.02595504,0.025488002,0.025005043,0.024506368,0.023992432,0.023463886,0.022921566,0.022366464,0.021799697,0.021222487,0.020636141,0.020042034,0.019441582,0.018836232,0.018227445,0.017616684,0.017005395,0.016395006,0.015786907,0.015182445,0.014582918,0.013989565,0.013403562,0.012826019,0.012257967,0.01170037
0.060823172,0.06625474,0.07197636,0.077980876,0.08425813,0.09079486,0.09757459,0.10457756,0.11178075,0.11915781,0.12667924,0.13431247,0.14202198,0.14976963,0.15751484,0.16521496,0.17282565,0.18030125,0.39873204,0.4057976,0.412588,0.41905722,0.42516032,0.21971749,0.5627802,0.56753594,0.5717687,0.2376285,0.24072605,0.24321997,0.24509248,0.24633083,0.24692748,0.24688017,0.24619198,0.24487129,0.2429316,0.24039146,0.23727411,0.23360732,0.22942282,0.22475606,0.21964562,0.2141329,0.20826136,0.20207617,0.19562362,0.18895057,0.18210392,0.1751301,0.16807462,0.16098157,0.15389322,0.14684966,0.13988853,0.13304456,0.1263496,0.11983224,0.11351784,0.10742833,0.10158228,0.0959949,0.09067809,0.085640565,0.080887996,0.07642315,0.07224612,0.0683545,0.06474365,0.061406903,0.0583358,0.05552038,0.05294937,0.050610453,0.048490476,0.04657568,0.044851895,0.04330472,0.041919716,0.040682536,0.039579075,0.038595594,0.037718814,0.036935993,0.03623503,0.03560447,0.03503359,0.03451241,0.03403171,0.03358302,0.03315865,0.032751642,0.0323558,0.031965613,0.03157626,0.031183574,0.030784,0.030374564,0.029952828,0.029516865,0.029065205,0.028596805,0.028111013,0.027607523,0.027086351,0.36436665,0.36381125,0.36323974,0.02483424,0.024233565,0.023620095,0.022995183,0.022360267,0.02171685,0.021066487,0.020410756,0.019751254,0.01908957,0.018427284,0.017765947,0.017107068,0.016452115,0.015802493,0.015159554,0.014524569,0.013898742,0.013283199,0.012678979
0.062760316,0.06836516,0.074269384,0.08046558,0.08694331,0.093688905,0.10068537,0.10791234,0.11534606,0.12295938,0.1307219,0.13859999,0.14655706,0.15455376,0.16254826,0.17049657,0.17835295,0.18607035,0.1936008,0.41203275,0.41904452,0.4257254,0.43202904,0.43791106,0.5700114,0.57492656,0.5793029,0.24528928,0.24849565,0.25107992,0.2530238,0.25431418,0.25494322,0.2549087,0.2542138,0.2528671,0.25088266,0.24827957,0.24508184,0.24131808,0.23702109,0.23222741,0.22697692,0.22131222,0.2152782,0.20892146,0.20228973,0.19543132,0.18839462,0.1812275,0.17397688,0.1666882,0.15940504,0.15216872,0.14501801,0.13798872,0.13111362,0.12442215,0.1179404,0.11169095,0.10569287,0.09996176,0.09450984,0.089346014,0.08447603,0.07990267,0.07562592,0.07164323,0.06794969,0.06453834,0.061400358,0.05852537,0.055901647,0.053516395,0.05135595,0.049406033,0.04765192,0.04607869,0.044671346,0.043415025,0.042295106,0.04129733,0.040407952,0.03961376,0.038902223,0.038261484,0.037680443,0.037148766,0.03665692,0.03619616,0.035758533,0.03533688,0.03492479,0.034516603,0.03410737,0.03369281,0.0332693,0.03283381,0.03238387,0.03191755,0.0314334,0.030930402,0.030407952,0.029865822,0.029304095,0.36654204,0.36594254,0.36532533,0.026872687,0.026223501,0.025560306,0.024884593,0.02419794,0.023501996,0.022798454,0.02208904,0.021375492,0.020659544,0.019942908,0.019227268,0.01851427,0.0178055,0.017102487,0.01640669,0.015719498,0.015042207,0.014376041,0.013722123
0.06458454,0.07035263,0.07642887,0.08280568,0.08947232,0.09641474,0.103615455,0.11105356,0.1187046,0.1265407,0.13453053,0.14263956,0.15083018,0.15906186,0.16729164,0.17547426,0.1835627,0.19150853,0.19926247,0.20677483,0.4251328,0.4320141,0.43850788,0.44456837,0.78797114,0.5819014,0.5864145,0.25252202,0.2558329,0.25850448,0.26051795,0.26185977,0.26252207,0.26250243,0.2618042,0.2604363,0.25841308,0.25575426,0.2524846,0.24863352,0.24423479,0.23932596,0.23394807,0.22814497,0.22196287,0.21544968,0.20865446,0.20162696,0.19441688,0.18707348,0.179645,0.17217815,0.16471773,0.15730622,0.14998339,0.1427861,0.13574797,0.12889925,0.12226667,0.115873404,0.109738976,0.103879385,0.09830707,0.09303113,0.08805737,0.08338855,0.07902457,0.074962676,0.07119773,0.06772246,0.06452769,0.061602626,0.05893511,0.056511857,0.054318722,0.052340887,0.05056314,0.048970014,0.047546,0.04627571,0.045144018,0.044136193,0.04323801,0.042435825,0.041716684,0.041068338,0.04047933,0.039938994,0.03943749,0.038965803,0.038515754,0.038079962,0.03765184,0.03722559,0.036796134,0.036359105,0.03591081,0.03544818,0.034968734,0.034470536,0.033952158,0.03341264,0.032851435,0.03226839,0.03166368,0.36885667,0.36821035,0.36754468,0.029041905,0.028341155,0.0276251,0.026895361,0.026153682,0.02540186,0.024641745,0.023875216,0.023104163,0.02233047,0.021556,0.020782575,0.02001198,0.019245936,0.018486101,0.017734053,0.016991295,0.01625923,0.015539186,0.014832375
0.06628267,0.07220277,0.07843923,0.08498427,0.091826886,0.09895267,0.106343724,0.11397858,0.121832184,0.12987593,0.13807774,0.14640217,0.1548106,0.16326159,0.17171097,0.18011238,0.18841757,0.19657691,0.20453984,0.21225539,0.21967278,0.4378787,0.44455075,0.450779,0.45651883,0.46172902,0.2552348,0.25927603,0.26268652,0.26544183,0.26752272,0.26891539,0.26961166,0.26960918,0.26891133,0.2675273,0.26547194,0.2627654,0.2594331,0.25550526,0.25101653,0.24600548,0.2405142,0.23458773,0.22827336,0.22162035,0.21467899,0.20750028,0.20013523,0.19263434,0.18504706,0.17742129,0.16980296,0.16223557,0.1547599,0.1474137,0.14023139,0.13324393,0.12647869,0.11995931,0.11370579,0.10773443,0.1020579,0.096685395,0.09162281,0.086872846,0.08243528,0.07830719,0.07448318,0.07095566,0.0677151,0.064750314,0.062048703,0.059596527,0.057379145,0.055381257,0.053587135,0.0519808,0.050546248,0.04926759,0.048129223,0.047115944,0.04621308,0.04540656,0.044683024,0.044029873,0.04343528,0.042888276,0.042378735,0.041897394,0.04143583,0.040986486,0.04054262,0.040098276,0.039648283,0.039188195,0.038714264,0.038223386,0.037713084,0.03718144,0.03662706,0.036049042,0.035446912,0.0348206,0.034170397,0.033496905,0.032801013,0.032083858,0.031346783,0.030591315,0.02981913,0.029032035,0.028231917,0.027420746,0.026600536,0.02577333,0.024941185,0.02410614,0.023270216,0.02243539,0.021603594,0.020776693,0.019956475,0.01914465,0.018342843,0.017552577,0.016775273,0.016012255
0.067842185,0.07390198,0.080285676,0.08698534,0.093989715,0.10128408,0.10885014,0.11666594,0.124705866,0.13294068,0.14133754,0.14986023,0.15846929,0.16712224,0.175774,0.1843771,0.19288225,0.20123865,0.2093946,0.21729797,0.22489683,0.23213995,0.45011428,0.4564982,0.46238324,0.467727,0.47249073,0.26550314,0.2690078,0.27184293,0.27398884,0.27543145,0.27616248,0.2761795,0.27548602,0.27409145,0.27201098,0.26926532,0.2658805,0.2618874,0.2573215,0.2522223,0.24663287,0.24059926,0.23416992,0.22739518,0.22032653,0.21301614,0.20551614,0.19787818,0.19015287,0.18238913,0.17463389,0.16693167,0.15932411,0.15184975,0.14454372,0.13743767,0.13055947,0.123933256,0.11757936,0.11151437,0.10575112,0.10029894,0.09516372,0.090348095,0.08585174,0.0816715,0.07780175,0.07423458,0.070960134,0.06796679,0.06524155,0.06277023,0.060537707,0.058528215,0.05672552,0.05511317,0.05367467,0.05239367,0.05125409,0.050240286,0.04933715,0.048530225,0.04780576,0.047150787,0.046553187,0.046001665,0.045485843,0.044996213,0.044524156,0.04406192,0.04360263,0.043140203,0.04266938,0.04218564,0.041685212,0.04116497,0.040622447,0.040055748,0.03946354,0.038844977,0.03819968,0.037527688,0.03682939,0.03610553,0.035357136,0.034585483,0.033792082,0.03297862,0.032146946,0.03129903,0.030436944,0.029562827,0.02867888,0.027787317,0.02689036,0.02599023,0.025089107,0.024189143,0.023292413,0.02240094,0.021516655,0.020641407,0.019776948,0.018924922,0.018086866,0.017264206
0.06925145,0.07543755,0.081954405,0.088793926,0.09594464,0.10339155,0.11111599,0.11909559,0.12730426,0.1357121,0.1442857,0.1529881,0.16177903,0.17061521,0.17945065,0.18823692,0.19692376,0.20545936,0.21379098,0.22186549,0.2296299,0.23703197,0.24402085,0.46168444,0.46770284,0.47316974,0.47804558,0.48229524,0.27475134,0.2776619,0.27987015,0.28136176,0.28212827,0.28216726,0.28148237,0.2800832,0.27798524,0.27520972,0.27178317,0.26773715,0.26310787,0.25793564,0.2522644,0.24614123,0.23961546,0.23273848,0.22556284,0.21814172,0.21052834,0.20277533,0.19493428,0.1870551,0.17918561,0.17137119,0.16365424,0.156074,0.1486663,0.14146328,0.13449332,0.12778093,0.12134675,0.11520758,0.10937643,0.10386266,0.09867215,0.09380749,0.089268155,0.08505083,0.08114961,0.07755628,0.07426063,0.07125068,0.06851298,0.06603295,0.063795,0.061782904,0.059979964,0.058369264,0.056933854,0.055656914,0.054521933,0.053512845,0.052614152,0.05181099,0.051089264,0.05043568,0.049837794,0.049284056,0.048763834,0.04826739,0.047785927,0.047311533,0.046837185,0.04635672,0.04586479,0.045356836,0.044829037,0.044278286,0.043702137,0.04309874,0.042466816,0.041805618,0.04111485,0.040394675,0.03964561,0.03886854,0.038064644,0.037235364,0.036382377,0.03550755,0.03461291,0.033700608,0.032772902,0.03183214,0.030880686,0.029920954,0.028955357,0.027986282,0.027016103,0.026047127,0.025081614,0.024121733,0.023169579,0.022227142,0.021296307,0.020378852,0.019476432,0.018590588
0.07049974,0.07679785,0.083432786,0.09039635,0.097676896,0.10525917,0.1131242,0.12124924,0.12960774,0.13816935,0.14690004,0.15576224,0.164715,0.17371432,0.18271336,0.19166295,0.2005119,0.20920755,0.21769628,0.22592402,0.23383687,0.24138172,0.24850687,0.2551626,0.47243863,0.47801745,0.48299575,0.48733774,0.49101233,0.28285685,0.28512454,0.28666404,0.28746676,0.2875303,0.2868584,0.28546092,0.28335357,0.28055796,0.2771012,0.27301535,0.26833737,0.2631082,0.25737268,0.2511785,0.24457611,0.23761766,0.23035665,0.22284713,0.21514328,0.20729865,0.19936563,0.191395,0.18343537,0.5133516,0.50554925,0.49788693,0.15258211,0.14530514,0.13826594,0.13148935,0.12499625,0.11880359,0.112924494,0.10736836,0.102141,0.0972449,0.0926794,0.088440955,0.08452338,0.080918185,0.07761479,0.07460085,0.07186256,0.06938485,0.067151755,0.06514657,0.06335219,0.06175124,0.060326327,0.059060216,0.057935983,0.056937158,0.056047857,0.055252872,0.054537773,0.053888947,0.053293675,0.052740153,0.052217513,0.05171583,0.051226128,0.050740357,0.05025138,0.049752943,0.049239647,0.04870689,0.048150852,0.04756844,0.046957232,0.046315446,0.045641888,0.04493589,0.04419729,0.043426365,0.042623784,0.041790586,0.040928107,0.040037975,0.03912204,0.03818237,0.037221175,0.03624082,0.035243753,0.034232512,0.033209678,0.03217786,0.031139662,0.030097678,0.029054455,0.028012495,0.026974224,0.025941992,0.024918046,0.023904536,0.022903493,0.021916829,0.02094633,0.019993646
0.07157754,0.077972464,0.0847095,0.09178037,0.09917325,0.10687267,0.11485944,0.12311045,0.1315988,0.14029372,0.1491607,0.15816163,0.16725497,0.17639609,0.18553752,0.19462934,0.20361967,0.21245508,0.22108118,0.22944316,0.23748635,0.24515687,0.2524023,0.2591722,0.26541883,0.48223448,0.48730493,0.49173063,0.49548006,0.49852708,0.28971428,0.29130042,0.2921401,0.2922309,0.29157668,0.2901874,0.28807914,0.28527382,0.28179893,0.27768713,0.27297583,0.26770672,0.2619252,0.2556798,0.24902159,0.24200356,0.23467995,0.22710565,0.21933554,0.21142396,0.20342405,0.19538727,0.1873629,0.51721644,0.5093539,0.5016345,0.15627605,0.14894937,0.14186469,0.13504705,0.12851752,0.12229316,0.11638716,0.110808864,0.10556405,0.100655064,0.09608106,0.09183827,0.087920256,0.0843182,0.08102121,0.07801658,0.07529009,0.07282631,0.070608824,0.06862056,0.066843964,0.06526125,0.06385462,0.06260643,0.061499376,0.060516607,0.059641905,0.058859713,0.05815531,0.05751478,0.05692516,0.0563744,0.055851433,0.055346172,0.054849464,0.05435316,0.05385001,0.053333707,0.052798793,0.052240666,0.0516555,0.05104024,0.050392516,0.049710624,0.04899345,0.04824046,0.047451593,0.046627287,0.04576837,0.044876035,0.043951813,0.042997513,0.04201519,0.041007105,0.03997568,0.038923487,0.0378532,0.03676756,0.035669368,0.034561433,0.03344658,0.0323276,0.031207247,0.030088209,0.028973104,0.027864458,0.026764696,0.025676126,0.024600934,0.023541177,0.022498772,0.0214755
0.072476506,0.078952335,0.08577474,0.09293533,0.10042219,0.10821968,0.116308376,0.12466497,0.1332622,0.47988784,0.48886925,0.4979868,0.16937958,0.17864016,0.18790166,0.19711365,0.20622359,0.21517749,0.2239203,0.23239657,0.24055105,0.24832928,0.25567815,0.26254672,0.26888672,0.27465314,0.49094167,0.495442,0.4992591,0.50236654,0.5047434,0.29523808,0.29611546,0.2962363,0.29560453,0.29423034,0.29213,0.28932574,0.2858454,0.28172207,0.27699363,0.2717023,0.265894,0.2596179,0.25292566,0.24587092,0.23850858,0.2308941,0.22308305,0.21513034,0.20708975,0.19901326,0.19095068,0.52076805,0.51287174,0.50512135,0.15973513,0.1523841,0.1452787,0.1384442,0.13190173,0.12566844,0.119757466,0.114178136,0.1089361,0.10403357,0.099469505,0.09523988,0.091338,0.087754756,0.0844789,0.0814974,0.07879567,0.07635788,0.07416726,0.07220632,0.07045711,0.068901464,0.0675212,0.06629831,0.065215126,0.064254455,0.063399754,0.06263517,0.061945673,0.061317135,0.060736317,0.060190983,0.05966989,0.059162762,0.058660347,0.05815439,0.05763757,0.05710351,0.05654674,0.05596266,0.05534748,0.05469817,0.054012448,0.053288687,0.05252589,0.05172364,0.050882034,0.05000165,0.0490835,0.048128963,0.047139753,0.046117894,0.04506565,0.04398549,0.042880066,0.041752174,0.040604714,0.039440647,0.03826301,0.03707484,0.03587917,0.03467901,0.033477332,0.032277025,0.031080905,0.029891687,0.02871198,0.027544258,0.026390878,0.025254048,0.024135822,0.023038113
0.07318971,0.07972991,0.086620264,0.093852326,0.1014141,0.10928981,0.11745991,0.12590083,0.13458519,0.48130038,0.49037358,0.49958476,0.17107266,0.18042947,0.18978791,0.19909707,0.20830402,0.21735425,0.22619228,0.23476215,0.24300818,0.25087538,0.25831023,0.26526138,0.27168012,0.27752107,0.2827428,0.49844512,0.5023223,0.50548464,0.50791097,0.50958633,0.2993653,0.29951906,0.29891473,0.29756272,0.29547945,0.2926874,0.2892147,0.28509483,0.28036597,0.2750708,0.26925564,0.26297015,0.2562665,0.24919878,0.24182236,0.23419325,0.22636749,0.21840043,0.2103463,0.2022575,0.19418424,0.18617404,0.1782713,0.17051707,0.16294865,0.15559953,0.14849915,0.1416728,0.13514175,0.12892306,0.12302985,0.11747134,0.11225305,0.10737701,0.102841936,0.09864361,0.09477502,0.09122677,0.08798732,0.08504326,0.08237966,0.079980366,0.077828206,0.07590533,0.07419344,0.072674,0.07132846,0.07013849,0.06908609,0.06815376,0.06732464,0.06658263,0.065912426,0.06529966,0.06473092,0.06419376,0.06367678,0.06316959,0.062662825,0.06214813,0.061618146,0.061066467,0.06048762,0.059877016,0.05923091,0.058546335,0.0578211,0.057053674,0.056243196,0.055389386,0.0544925,0.053553294,0.05257296,0.051553078,0.050495576,0.04940269,0.04827691,0.047120932,0.045937665,0.04473012,0.04350144,0.042254843,0.04099359,0.039720956,0.038440216,0.037154607,0.035867315,0.03458145,0.033300042,0.032026004,0.030762129,0.029511083,0.028275387,0.02705741,0.02585936,0.024683286
0.07371163,0.08029918,0.087239556,0.0945243,0.10214135,0.11007487,0.118305184,0.12680864,0.13555765,0.4823395,0.49148116,0.5007622,0.1723214,0.18175052,0.19118205,0.20056476,0.20984541,0.2189692,0.2278803,0.23652245,0.24483962,0.25277653,0.2602794,0.2672965,0.27377892,0.27968106,0.28496116,0.28958213,0.5046485,0.50785995,0.51033205,0.5120499,0.51300484,0.30205756,0.30148584,0.3001632,0.29810643,0.29533806,0.2918865,0.28778544,0.28307337,0.2777932,0.2719917,0.26571876,0.2590269,0.25197056,0.24460548,0.23698801,0.22917448,0.2212206,0.21318084,0.20510791,0.19705229,0.18906166,0.18118063,0.1734504,0.16590838,0.15858816,0.15151916,0.14472675,0.1382321,0.13205223,0.12620015,0.12068494,0.11551193,0.11068293,0.10619647,0.10204803,0.09823037,0.09473377,0.09154636,0.088654436,0.086042725,0.08369473,0.08159295,0.07971918,0.07805479,0.07658092,0.0752787,0.074129485,0.073114954,0.07221735,0.07141955,0.07070519,0.07005877,0.0694657,0.06891237,0.06838621,0.067875676,0.06737026,0.06686051,0.06633804,0.06579544,0.06522629,0.06462514,0.06398742,0.06330947,0.06258839,0.061822105,0.061009195,0.06014894,0.059241228,0.058286488,0.057285655,0.056240123,0.055151697,0.05402253,0.052855078,0.05165208,0.05041649,0.04915143,0.04786021,0.046546202,0.045212876,0.043863755,0.042502362,0.041132215,0.039756794,0.03837952,0.037003733,0.03563268,0.034269482,0.032917142,0.031578515,0.030256294,0.02895302,0.027671063,0.026412614
0.0740383,0.080655806,0.08762792,0.09494615,0.102598436,0.11056891,0.11883783,0.12738152,0.1361723,0.14517851,0.15436469,0.1636916,0.17311655,0.18259357,0.1920738,0.20150593,0.21083651,0.22001058,0.22897215,0.23766482,0.24603236,0.25401935,0.26157182,0.26863796,0.27516866,0.28111824,0.28644487,0.29111135,0.29508537,0.5094768,0.5119911,0.51374996,0.5147447,0.514973,0.3033023,0.30201656,0.2999958,0.29726282,0.29384613,0.28977954,0.28510177,0.2798559,0.27408892,0.26785088,0.26119453,0.25417447,0.24684665,0.23926759,0.2314938,0.22358115,0.21558428,0.207556,0.19954684,0.19160463,0.183774,0.17609619,0.1686086,0.16134478,0.15433414,0.14760193,0.14116919,0.13505284,0.12926571,0.1238167,0.11871092,0.11394996,0.1095321,0.10545255,0.101703785,0.09827579,0.095156394,0.09233159,0.089785784,0.08750216,0.0854629,0.083649494,0.08204299,0.080624245,0.07937408,0.07827358,0.077304155,0.07644781,0.07568716,0.07500566,0.07438758,0.07381818,0.07328369,0.07277141,0.07226968,0.07176791,0.07125662,0.07072733,0.07017266,0.069586195,0.0689625,0.068297096,0.06758636,0.06682753,0.06601862,0.065158375,0.06424622,0.06328222,0.062266994,0.061201684,0.060087908,0.058927692,0.05772342,0.056477815,0.055193864,0.053874776,0.05252396,0.051144958,0.049741432,0.04831712,0.04687581,0.04542128,0.04395732,0.04248766,0.04101596,0.03954581,0.038080685,0.036623925,0.03517875,0.033748206,0.03233518,0.030942395,0.029572383,0.028227484
0.07416729,0.08079717,0.08778249,0.095114805,0.10278203,0.11076834,0.11905401,0.12761538,0.13642472,0.14545044,0.15465704,0.1640053,0.17345251,0.1829527,0.19245702,0.20191413,0.21127056,0.22047135,0.22946054,0.23818168,0.24657851,0.25459564,0.26217917,0.26927716,0.2758406,0.28182378,0.28718495,0.29188684,0.29589722,0.29918927,0.5128787,0.51467705,0.5157124,0.5159825,0.5154916,0.30311346,0.30113846,0.2984527,0.29508477,0.29106855,0.2864429,0.28125086,0.27553955,0.26935902,0.26276213,0.25580356,0.24853921,0.2410257,0.23331952,0.22547653,0.21755138,0.20959681,0.20166337,0.19379878,0.18604763,0.178451,0.17104623,0.16386668,0.15694167,0.15029623,0.14395125,0.13792343,0.13222538,0.12686576,0.12184946,0.11717779,0.11284877,0.108857326,0.10519564,0.10185343,0.09881822,0.096075706,0.09360999,0.09140397,0.08943953,0.087697886,0.0861598,0.08480584,0.0836166,0.082572885,0.0816559,0.080847405,0.080129825,0.07948642,0.07890132,0.07835962,0.077847436,0.07735194,0.07686141,0.07636521,0.07585379,0.07531869,0.074752495,0.074148856,0.0735024,0.072808705,0.07206424,0.07126639,0.07041328,0.06950382,0.068537615,0.06751491,0.066436544,0.06530387,0.06411874,0.06288344,0.061600596,0.060273193,0.058904503,0.057497997,0.05605736,0.05458643,0.05308914,0.051569533,0.050031643,0.048479557,0.046917316,0.04534892,0.043778304,0.042209294,0.040645603,0.03909082,0.037548374,0.036021523,0.034513365,0.033026796,0.031564523,0.030129047
0.07409781,0.08072241,0.087702334,0.09502922,0.102691025,0.11067199,0.11895246,0.1275088,0.13631347,0.14533488,0.15453766,0.16388272,0.17332745,0.18282601,0.19232966,0.20178719,0.21114531,0.22034921,0.22934301,0.23807047,0.24647552,0.25450283,0.26209867,0.26921132,0.2757919,0.2817948,0.2871784,0.2919056,0.2959443,0.2992678,0.3018551,0.5148282,0.5159049,0.51621985,0.51577735,0.5145879,0.3015316,0.29890501,0.29559982,0.29164997,0.28709418,0.28197563,0.27634114,0.27024093,0.26372764,0.25685582,0.24968132,0.24226062,0.23465003,0.22690527,0.21908082,0.21122925,0.2034009,0.19564329,0.18800078,0.18051425,0.1732208,0.16615358,0.15934159,0.15280965,0.1465784,0.14066425,0.13507952,0.12983261,0.12492814,0.12036712,0.11614728,0.112263285,0.10870699,0.105467826,0.102533065,0.099888094,0.097516745,0.095401645,0.093524404,0.09186598,0.09040689,0.08912745,0.08800803,0.08702923,0.086172044,0.085418046,0.08474949,0.084149495,0.08360203,0.08309208,0.08260567,0.082129896,0.081652984,0.08116424,0.08065413,0.08011419,0.07953705,0.0789164,0.078246936,0.077524334,0.0767452,0.07590703,0.07500811,0.074047536,0.0730251,0.07194126,0.07079705,0.0695941,0.068334505,0.067020774,0.06565585,0.06424298,0.062785715,0.06128782,0.05975328,0.05818623,0.0565909,0.054971624,0.053332746,0.051678613,0.050013583,0.04834192,0.046667837,0.044995412,0.04332863,0.04167131,0.04002712,0.038399536,0.03679186,0.035207186,0.0336484,0.03211818
0.073830694,0.0804324,0.08738843,0.094690464,0.102326564,0.11028107,0.11853445,0.12706324,0.13584003,0.14483343,0.15400828,0.1633257,0.17274329,0.1822155,0.19169384,0.2011274,0.21046317,0.2196466,0.22862217,0.23733392,0.2457261,0.25374374,0.26133332,0.2684435,0.27502564,0.2810344,0.28642848,0.29117095,0.29522997,0.29857898,0.30119723,0.30307004,0.51532567,0.51568854,0.5152996,0.51416963,0.5123154,0.29862306,0.29539457,0.291527,0.28705895,0.28203335,0.276497,0.27049977,0.26409408,0.25733432,0.25027597,0.24297522,0.23548815,0.22787012,0.22017527,0.21245588,0.2047619,0.19714053,0.1896358,0.18228821,0.17513454,0.16820757,0.16153596,0.15514421,0.14905259,0.14327715,0.13782999,0.13271907,0.12794875,0.1235197,0.11942936,0.11567208,0.11223944,0.1091206,0.10630252,0.10377033,0.10150761,0.09949673,0.09771905,0.0961553,0.09478577,0.09359059,0.092549905,0.091644146,0.09085412,0.09016126,0.08954769,0.088996366,0.088491194,0.08801705,0.087559894,0.08710677,0.08664587,0.086166516,0.08565915,0.08511534,0.0845278,0.083890274,0.08319755,0.08244543,0.081630655,0.08075086,0.079804525,0.07879092,0.07771005,0.076562606,0.07534987,0.074073695,0.07273646,0.07134096,0.069890425,0.06838838,0.066838674,0.065245405,0.06361285,0.061945453,0.06024777,0.058524434,0.0567801,0.055019427,0.05324706,0.051467564,0.04968543,0.047905024,0.046130583,0.044366185,0.042615738,0.04088296,0.03917136,0.037484232,0.035824664,0.034195494
0.07336836,0.07992981,0.08684365,0.09410165,0.10169201,0.10959922,0.11780391,0.12628286,0.13500887,0.14395086,0.15307395,0.16233955,0.1717057,0.18112715,0.19055586,0.1999413,0.20923094,0.21837069,0.22730544,0.23597978,0.2443383,0.2523266,0.25989163,0.2669824,0.27355075,0.27955174,0.28494444,0.2896923,0.29376376,0.29713252,0.29977807,0.30168593,0.3028477,0.5143982,0.5140683,0.51300526,0.511226,0.50875324,0.29447848,0.29070893,0.28634623,0.28143302,0.27601573,0.27014396,0.2638697,0.25724694,0.25033078,0.2431769,0.23584099,0.2283779,0.22084124,0.21328291,0.20575231,0.19829617,0.19095805,0.18377797,0.17679225,0.1700332,0.16352908,0.15730391,0.15137757,0.14576575,0.14048009,0.13552825,0.13091417,0.12663823,0.122697525,0.11908611,0.11579525,0.11281382,0.11012853,0.10772424,0.10558431,0.103690825,0.10202499,0.100567274,0.099297814,0.09819654,0.09724344,0.09641877,0.09570323,0.0950781,0.09452542,0.09402803,0.09356977,0.093135454,0.09271101,0.09228345,0.09184095,0.091372855,0.09086965,0.09032296,0.08972555,0.08907127,0.08835503,0.08757276,0.08672135,0.085798614,0.08480322,0.08373467,0.082593165,0.08137964,0.080095634,0.078743294,0.07732526,0.07584463,0.074304916,0.07270998,0.07106397,0.06937131,0.06763662,0.065864645,0.06406027,0.06222847,0.060374204,0.058502473,0.05661821,0.054726303,0.052831527,0.05093854,0.04905186,0.047175825,0.045314606,0.04347215,0.0416522,0.039858263,0.038093615,0.036361285
0.07271481,0.07921898,0.08607271,0.0932679,0.1007929,0.1086324,0.11676727,0.12517455,0.13382737,0.14269501,0.15174298,0.16093317,0.170224,0.1795708,0.18892604,0.19823977,0.20746003,0.21653332,0.22540517,0.23402075,0.24232535,0.25026512,0.2577876,0.26484242,0.27138197,0.27736187,0.28274167,0.28748524,0.2915614,0.29494426,0.29761362,0.29955512,0.3007607,0.30122834,0.5120993,0.5111106,0.5094158,0.5070374,0.5040036,0.28921077,0.28497076,0.28018895,0.27491137,0.26918712,0.26306766,0.25660646,0.24985805,0.2428775,0.23571984,0.22843938,0.2210891,0.551539,0.5442003,0.5369379,0.19197585,0.18499134,0.17820126,0.17163734,0.16532731,0.15929471,0.1535589,0.14813511,0.14303453,0.13826443,0.13382837,0.12972634,0.12595509,0.12250835,0.119377114,0.116549954,0.114013314,0.111751825,0.10974859,0.10798553,0.10644361,0.10510315,0.10394411,0.10294626,0.10208947,0.10135386,0.10072001,0.10016913,0.09968316,0.0992449,0.09883811,0.09844761,0.09805927,0.097660124,0.097238384,0.096783414,0.096285746,0.09573711,0.09513034,0.094459414,0.09371938,0.09290631,0.092017286,0.09105028,0.0900042,0.08887874,0.087674394,0.08639231,0.08503433,0.083602875,0.08210086,0.080531724,0.078899294,0.07720774,0.07546157,0.07366551,0.071824536,0.06994375,0.06802837,0.066083685,0.064115025,0.0621277,0.06012699,0.058118083,0.056106076,0.054095916,0.05209242,0.050100204,0.048123688,0.046167076,0.04423435,0.042329244,0.04045523,0.038615525
0.07187558,0.078305945,0.08508217,0.09219631,0.09963689,0.4452077,0.4532522,0.46156663,0.13230565,0.14107668,0.15002689,0.15911865,0.16831106,0.17756003,0.18681867,0.19603777,0.20516606,0.2141508,0.22293831,0.23147449,0.23970541,0.247578,0.25504053,0.26204336,0.2685396,0.27448547,0.27984113,0.28457105,0.2886445,0.29203603,0.29472575,0.29669964,0.2979498,0.29847434,0.2982778,0.5085075,0.5069064,0.5046337,0.5017172,0.49818993,0.28295267,0.27832085,0.27320305,0.2676478,0.26170596,0.25543025,0.24887447,0.24209301,0.23514013,0.22806929,0.22093274,0.55159974,0.5444807,0.53743976,0.19270027,0.18593872,0.17937125,0.173029,0.16693905,0.16112433,0.15560368,0.15039176,0.1454993,0.1409331,0.13669628,0.13278846,0.12920603,0.12594238,0.122988194,0.12033177,0.11795928,0.11585515,0.114002265,0.11238233,0.110976174,0.10976395,0.10872546,0.10784037,0.107088424,0.10644966,0.10590461,0.10543435,0.105020806,0.10464674,0.10429591,0.10395308,0.10360418,0.103236265,0.10283757,0.102397524,0.101906754,0.101357065,0.10074144,0.10005396,0.099289834,0.09844531,0.097517654,0.09650506,0.09540665,0.09422237,0.092952944,0.091599844,0.09016516,0.08865163,0.0870625,0.0854015,0.08367279,0.08188093,0.080030724,0.07812729,0.07617593,0.07418211,0.07215139,0.07008945,0.06800194,0.06589453,0.06377283,0.061642356,0.059508547,0.05737665,0.055251773,0.053138826,0.051042512,0.048967294,0.04691739,0.044896767,0.04290911,0.040957846
0.07085763,0.07719829,0.083880275,0.0908958,0.4360525,0.7815167,0.78945106,0.45983335,0.1304565,0.13910949,0.14794013,0.15691142,0.16598314,0.17511193,0.18425176,0.19335416,0.20236875,0.21124373,0.21992627,0.22836317,0.23650147,0.24428892,0.25167477,0.25861022,0.26504916,0.2709486,0.27626938,0.28097665,0.2850403,0.28843525,0.29114217,0.2931473,0.29444286,0.29502726,0.29490495,0.2940864,0.5037249,0.5015688,0.49878255,0.4953986,0.49145406,0.2758533,0.27091476,0.26554933,0.25980714,0.25374004,0.24740103,0.24084358,0.23412098,0.22728586,0.22038959,0.5513004,0.5444278,0.53763527,0.19314505,0.1866329,0.18031418,0.17421928,0.16837454,0.16280222,0.15752055,0.1525436,0.14788154,0.14354068,0.1395237,0.13582979,0.13245493,0.1293922,0.12663198,0.12416225,0.12196898,0.12003634,0.11834704,0.11688262,0.11562372,0.11455039,0.113642305,0.11287904,0.11224026,0.111705944,0.111256525,0.11087311,0.11053756,0.110232644,0.1099421,0.10965075,0.10934453,0.109010555,0.10863713,0.10821377,0.10773119,0.107181326,0.10655727,0.10585331,0.10506478,0.10418812,0.10322083,0.10216132,0.10100894,0.09976389,0.098427214,0.09700062,0.09548654,0.09388801,0.0922086,0.09045242,0.08862394,0.08672808,0.084770024,0.082755245,0.08068941,0.07857836,0.076428056,0.07424449,0.07203372,0.069801755,0.06755456,0.06529801,0.06303785,0.060779687,0.058528908,0.056290742,0.05407016,0.051871914,0.04970047,0.047560018,0.045454487,0.043387495
0.06966928,0.07590508,0.08247687,0.08937704,0.4344135,0.77975285,0.7875583,0.45780793,0.12829518,0.13680975,0.14550003,0.15432979,0.1632596,0.17224696,0.18124673,0.19021143,0.19909167,0.20783661,0.21639453,0.22471325,0.23274085,0.24042617,0.24771942,0.2545728,0.26094115,0.26678234,0.27205807,0.2767342,0.28078124,0.2841748,0.28689584,0.28893107,0.290273,0.29092008,0.29087684,0.29015365,0.2887667,0.49787468,0.49523094,0.49200436,0.48823142,0.48395255,0.26807514,0.26291943,0.257398,0.2515617,0.24546252,0.23915292,0.23268515,0.2261108,0.21948014,0.21284156,0.20624128,0.19972274,0.1933263,0.18708895,0.18104404,0.1752211,0.16964568,0.16433932,0.1593195,0.15459968,0.15018944,0.14609456,0.14231719,0.13885608,0.13570686,0.13286221,0.1303122,0.12804456,0.12604502,0.124297485,0.12278452,0.12148751,0.120386966,0.11946282,0.11869465,0.11806196,0.117544375,0.11712181,0.11677469,0.11648411,0.11623194,0.116000935,0.115774885,0.11553867,0.11527826,0.114980854,0.114634834,0.11422982,0.11375667,0.11320745,0.11257542,0.11185497,0.11104171,0.11013225,0.109124295,0.10801653,0.10680854,0.10550084,0.10409471,0.102592185,0.10099604,0.099309616,0.09753685,0.095682174,0.09375046,0.09174697,0.08967728,0.08754724,0.085362904,0.08313051,0.080856375,0.078546904,0.0762085,0.07384758,0.071470454,0.069083355,0.066692375,0.06430345,0.06192231,0.059554487,0.057205237,0.05487959,0.052582294,0.050317775,0.048090186,0.04590336
0.068320096,0.074436724,0.08088325,0.08765229,0.432552,0.4399306,0.44758928,0.11768788,0.1258393,0.13419615,0.14272645,0.15139483,0.16016272,0.16898859,0.17782833,0.18663551,0.19536185,0.2039577,0.21237245,0.22055517,0.22845508,0.23602216,0.24320781,0.24996534,0.25625056,0.26202244,0.26724353,0.2718805,0.27590466,0.27929223,0.28202468,0.28408906,0.28547823,0.28619078,0.2862312,0.2856098,0.2843426,0.28245094,0.49109825,0.4880425,0.48445603,0.4803787,0.47585353,0.2597898,0.25450915,0.24892472,0.2430873,0.23704822,0.23085856,0.22456874,0.21822783,0.21188308,0.20557953,0.1993595,0.19326231,0.18732388,0.18157662,0.17604907,0.17076592,0.16574788,0.1610117,0.15657012,0.15243208,0.14860278,0.14508386,0.14187361,0.13896723,0.13635702,0.13403277,0.1319819,0.13018988,0.12864047,0.12731606,0.12619786,0.12526625,0.12450113,0.12388199,0.12338826,0.12299956,0.122695774,0.12245733,0.122265324,0.12210167,0.12194917,0.121791646,0.12161404,0.12140243,0.1211441,0.12082753,0.12044249,0.11997994,0.11943212,0.11879245,0.11805555,0.1172172,0.11627424,0.11522461,0.114067264,0.11280207,0.111429796,0.109952055,0.10837123,0.10669036,0.104913205,0.10304402,0.101087615,0.099049255,0.096934564,0.09474953,0.09250039,0.09019361,0.08783579,0.085433684,0.08299407,0.08052377,0.07802955,0.075518124,0.07299608,0.07046989,0.06794582,0.06542993,0.06292808,0.060445838,0.057988517,0.055561118,0.053168353,0.0508146,0.04850391
0.06682078,0.072804876,0.07911208,0.08573525,0.09266398,0.0998846,0.10737991,0.115129255,0.12310838,0.13128954,0.13964161,0.14813007,0.15671736,0.16536304,0.17402408,0.18265526,0.19120954,0.19963849,0.20789284,0.2159229,0.22367926,0.23111317,0.23817725,0.24482602,0.25101653,0.25670877,0.26186633,0.26645678,0.2704522,0.27382955,0.27657083,0.2786636,0.28010088,0.28088158,0.2810101,0.28049663,0.27935693,0.277612,0.2752879,0.48355216,0.48016626,0.47630575,0.4720129,0.46733245,0.25117475,0.24586193,0.24030691,0.23455967,0.22867003,0.2226871,0.2166586,0.2106306,0.20464678,0.1987483,0.19297327,0.1873565,0.18192928,0.17671917,0.1717499,0.1670413,0.16260926,0.15846583,0.15461923,0.15107404,0.14783137,0.144889,0.1422417,0.1398814,0.13779756,0.13597734,0.13440599,0.13306703,0.13194269,0.13101408,0.13026151,0.12966475,0.12920326,0.12885647,0.12860394,0.1284256,0.12830189,0.12821394,0.1281437,0.12807404,0.12798886,0.12787323,0.12771325,0.12749635,0.12721117,0.12684758,0.12639675,0.12585102,0.12520406,0.12445066,0.12358683,0.12260968,0.121517375,0.12030913,0.118985124,0.117546424,0.11599497,0.11433347,0.11256532,0.11069463,0.10872604,0.10666475,0.10451639,0.10228701,0.099983,0.097610995,0.09517789,0.09269069,0.090156555,0.087582685,0.084976286,0.082344554,0.07969456,0.077033296,0.07436758,0.07170407,0.06904915,0.06640901,0.06378955,0.061196353,0.058634717,0.056109622,0.0536257,0.0511872
0.065182984,0.07102223,0.07717715,0.08364084,0.090403266,0.097451136,0.10476782,0.11233324,0.12012387,0.1281128,0.13626973,0.1445612,0.15295069,0.16139892,0.16986409,0.17830223,0.18666767,0.19491334,0.20299137,0.2108535,0.21845171,0.22573864,0.23266831,0.23919655,0.24528165,0.2508848,0.2559707,0.26050782,0.26446924,0.26783255,0.2705804,0.27270088,0.27418727,0.2750386,0.27525938,0.2748596,0.27385473,0.27226537,0.27011693,0.26743948,0.475404,0.47177476,0.46772957,0.46331224,0.45856854,0.24240904,0.23715559,0.23172002,0.2261508,0.22049552,0.2148006,0.20911062,0.20346798,0.5357313,0.5302998,0.52502584,0.18212071,0.1772486,0.17261335,0.16823386,0.16412511,0.16029839,0.15676117,0.15351741,0.15056759,0.14790902,0.14553602,0.14344011,0.14161044,0.14003389,0.13869543,0.13757847,0.13666506,0.1359362,0.13537209,0.13495246,0.13465676,0.13446438,0.1343549,0.13430828,0.13430502,0.13432625,0.13435405,0.13437134,0.13436213,0.13431154,0.13420588,0.13403267,0.13378067,0.13343996,0.13300182,0.13245884,0.13180487,0.13103493,0.13014524,0.12913315,0.12799717,0.12673673,0.12535235,0.12384541,0.122218184,0.1204737,0.11861576,0.11664882,0.11457792,0.112408645,0.110147074,0.107799605,0.10537308,0.10287457,0.10031137,0.097690925,0.09502082,0.092308685,0.08956214,0.08678876,0.08399606,0.08119141,0.078382015,0.07557487,0.07277677,0.0699942,0.06723339,0.064500265,0.061800383,0.059139002,0.056520995,0.053950865
0.0634192,0.06910241,0.075093254,0.081385106,0.0879683,0.09483001,0.10195414,0.10932129,0.1169087,0.12469029,0.13263679,0.14071573,0.14889179,0.15712689,0.16538054,0.17361021,0.18177156,0.18981908,0.19770636,0.20538667,0.21281347,0.21994096,0.22672461,0.23312163,0.23909165,0.24459715,0.24960396,0.25408173,0.25800434,0.2613502,0.26410276,0.26625034,0.26778677,0.26871118,0.2690281,0.2687474,0.26788414,0.26645848,0.26449525,0.2620237,0.25907704,0.46682897,0.46304584,0.45890686,0.45445657,0.44974092,0.23366985,0.2285642,0.22333409,0.2180256,0.21268365,0.20735133,0.20206957,0.5346956,0.5296272,0.5247155,0.18217058,0.17765541,0.17337276,0.16934048,0.16557272,0.16207983,0.15886857,0.15594219,0.1533006,0.15094055,0.14885588,0.14703777,0.145475,0.14415415,0.14306001,0.14217576,0.14148334,0.14096361,0.14059676,0.14036244,0.14024009,0.1402091,0.14024909,0.14034003,0.1404625,0.14059778,0.14072788,0.14083596,0.14090605,0.14092346,0.14087458,0.14074713,0.14052999,0.14021342,0.13978891,0.13924925,0.13858847,0.13780189,0.13688593,0.13583824,0.13465756,0.1333437,0.1318974,0.13032046,0.12861542,0.12678576,0.12483558,0.12276976,0.12059374,0.11831351,0.11593556,0.11346675,0.1109143,0.10828575,0.10558883,0.10283142,0.100021556,0.097167276,0.09427664,0.09135767,0.08841825,0.08546619,0.08250908,0.0795543,0.07660898,0.07367999,0.070773885,0.06789689,0.065054886,0.06225339,0.05949754,0.05679208
0.061542623,0.06705975,0.07287596,0.07898491,0.08537732,0.09204084,0.098959975,0.106116004,0.113487005,0.1210478,0.12877013,0.13662267,0.1445713,0.15257925,0.16060746,0.16861479,0.17655848,0.18439454,0.19207816,0.19956425,0.20680785,0.21376476,0.22039194,0.22664823,0.23249456,0.23789485,0.2428161,0.2472291,0.2511087,0.25443423,0.25718972,0.2593641,0.26095152,0.26195127,0.26236793,0.26221114,0.26149574,0.26024124,0.25847188,0.25621602,0.253506,0.25037754,0.45800614,0.45415935,0.45001706,0.4456238,0.44102472,0.22512877,0.22025472,0.21531038,0.21033901,0.20538212,0.20047913,0.5334858,0.52879834,0.52426666,0.18209934,0.1779583,0.1740451,0.17037655,0.16696581,0.16382237,0.16095215,0.15835774,0.15603837,0.15399028,0.15220681,0.15067874,0.14939448,0.14834037,0.14750096,0.14685927,0.14639707,0.14609513,0.1459336,0.1458921,0.14595005,0.14608686,0.14628221,0.14651614,0.14676927,0.14702295,0.14725938,0.14746174,0.14761426,0.14770234,0.14771254,0.14763272,0.14745198,0.14716074,0.14675069,0.14621484,0.14554746,0.14474407,0.14380142,0.14271742,0.1414911,0.14012253,0.13861288,0.13696419,0.13517945,0.13326243,0.13121769,0.12905048,0.12676664,0.12437259,0.12187525,0.119281925,0.116600305,0.11383835,0.11100422,0.10810629,0.10515301,0.10215287,0.099114396,0.09604601,0.092956066,0.08985275,0.086744055,0.08363777,0.080541395,0.07746215,0.074406944,0.07138233,0.06839448,0.06544921,0.062551916,0.0597076
0.059566926,0.06490917,0.07054147,0.076457806,0.082649276,0.08910405,0.095807254,0.102740906,0.10988391,0.11721208,0.12469819,0.13231215,0.14002107,0.1477896,0.15558007,0.16335294,0.17106704,0.17867999,0.18614867,0.19342968,0.20047975,0.2072563,0.21371801,0.21982521,0.22554041,0.23082885,0.23565887,0.24000247,0.2438355,0.24713813,0.24989517,0.25209612,0.25373545,0.25481272,0.25533238,0.255304,0.254742,0.2536654,0.25209764,0.2500663,0.24760269,0.24474132,0.24151963,0.44911417,0.445293,0.44123584,0.43698624,0.43258828,0.21694869,0.21238396,0.20779887,0.2032333,0.19872504,0.19430938,0.19001885,0.18588291,0.18192779,0.17817625,0.17464764,0.1713576,0.16831829,0.16553827,0.16302265,0.16077328,0.15878873,0.15706466,0.15559395,0.15436696,0.15337172,0.15259431,0.15201905,0.15162878,0.15140514,0.15132885,0.15137994,0.15153806,0.15178263,0.1520931,0.15244916,0.15283097,0.15321922,0.15359536,0.15394172,0.15424158,0.15447934,0.15464053,0.15471187,0.15468143,0.15453845,0.15427357,0.15387872,0.1533471,0.15267323,0.1518529,0.15088315,0.14976212,0.14848918,0.14706476,0.14549032,0.14376827,0.14190194,0.13989556,0.13775401,0.13548298,0.13308875,0.13057818,0.1279586,0.12523778,0.12242386,0.119525254,0.116550624,0.11350878,0.110408604,0.10725911,0.104069225,0.100847825,0.09760369,0.09434546,0.09108152,0.08782007,0.084568985,0.08133586,0.07812795,0.07495213,0.07181491,0.068722375,0.06568022,0.06269367
0.057506163,0.062665954,0.06810641,0.07382178,0.07980361,0.086040586,0.092518486,0.09922008,0.106125176,0.11321056,0.12045017,0.12781507,0.13527377,0.14279231,0.1503346,0.15786263,0.16533692,0.1727168,0.17996089,0.18702751,0.19387521,0.20046315,0.20675163,0.21270268,0.21828036,0.22345135,0.2281854,0.23245566,0.23623909,0.23951684,0.24227436,0.2445018,0.246194,0.24735063,0.2479763,0.2480803,0.24767663,0.24678382,0.24542457,0.24362548,0.24141684,0.23883195,0.23590691,0.23268004,0.44032824,0.43661904,0.43273148,0.4287076,0.42458937,0.20928098,0.20509595,0.2009356,0.19683605,0.19283096,0.18895128,0.18522498,0.18167686,0.1783284,0.17519762,0.17229907,0.16964386,0.16723958,0.16509052,0.1631977,0.16155909,0.16016972,0.15902199,0.15810582,0.15740892,0.15691707,0.1566143,0.15648335,0.15650573,0.15666203,0.1569323,0.1572961,0.15773292,0.15822226,0.15874386,0.15927795,0.15980531,0.16030754,0.16076705,0.16116731,0.16149282,0.1617293,0.16186368,0.16188411,0.16178013,0.16154255,0.1611635,0.4984553,0.49777502,0.49693757,0.1581214,0.15696268,0.15564221,0.15416078,0.1525202,0.1507232,0.14877358,0.14667585,0.48225427,0.47987717,0.47737014,0.13692158,0.13417706,0.13132595,0.1283768,0.12533854,0.1222203,0.119031325,0.11578104,0.112478845,0.10913419,0.10575638,0.10235464,0.09893804,0.095515415,0.09209534,0.0886861,0.08529568,0.08193167,0.0786013,0.07531138,0.072068326,0.06887808,0.06574614
0.055374574,0.060345627,0.06558761,0.07109509,0.07686003,0.082871675,0.08911646,0.09557797,0.10223689,0.109071076,0.11605556,0.12316277,0.13036251,0.13762234,0.14490771,0.1521823,0.15940832,0.16654685,0.17355832,0.18040293,0.18704094,0.19343337,0.19954228,0.20533134,0.21076627,0.21581526,0.22044942,0.2246432,0.22837467,0.23162591,0.23438315,0.23663713,0.23838308,0.23962092,0.2403552,0.240595,0.240354,0.23965007,0.23850518,0.23694503,0.2349987,0.23269834,0.2300786,0.22717635,0.22403002,0.431816,0.42830104,0.42466235,0.4209399,0.41717303,0.20226301,0.19851978,0.19484091,0.19125836,0.18780148,0.1844967,0.18136735,0.17843352,0.17571197,0.17321609,0.17095587,0.16893794,0.1671657,0.16563942,0.16435632,0.1633109,0.162495,0.16189812,0.16150762,0.16130897,0.16128601,0.16142127,0.1616961,0.16209112,0.16258624,0.16316108,0.16379511,0.16446789,0.16515924,0.16584948,0.16651948,0.16715096,0.16772649,0.16822967,0.16864517,0.16895886,0.16915786,0.16923054,0.16916661,0.1689571,0.16859439,0.5058911,0.5052044,0.50434965,0.16550541,0.16430832,0.16293947,0.16139995,0.15969193,0.15781857,0.15578397,0.15359312,0.48907065,0.48658538,0.48396322,0.14339322,0.14052124,0.13753718,0.13445011,0.13126938,0.12800461,0.12466556,0.121262096,0.11780415,0.11430158,0.11076419,0.107201666,0.10362351,0.100038975,0.09645708,0.0928865,0.08933558,0.085812315,0.08232427,0.07887857,0.07548193,0.0721406,0.06886034
0.053186424,0.05796372,0.063001946,0.06829599,0.07383827,0.07961859,0.08562405,0.091839045,0.098245226,0.10482147,0.111544035,0.11838661,0.12532045,0.1323146,0.13933614,0.14635043,0.15332144,0.16021208,0.16698463,0.1736011,0.18002369,0.18621519,0.1921395,0.19776201,0.20305009,0.20797351,0.21250479,0.2166197,0.22029741,0.22352096,0.22627746,0.22855815,0.23035875,0.23167935,0.23252448,0.2329031,0.23282836,0.23231763,0.23139201,0.23007628,0.22839841,0.2263892,0.22408196,0.22151196,0.21871607,0.2157321,0.42373535,0.42049086,0.41717362,0.41382107,0.41046935,0.19601627,0.19276796,0.1896179,0.18659374,0.18372034,0.18101951,0.17850997,0.17620715,0.17412323,0.17226708,0.17064436,0.16925755,0.16810612,0.16718662,0.16649288,0.16601628,0.16574582,0.16566853,0.16576958,0.16603258,0.16643988,0.16697273,0.16761163,0.16833648,0.1691269,0.16996236,0.1708225,0.17168722,0.17253691,0.17335258,0.17411608,0.17481007,0.17541835,0.17592575,0.1763183,0.1765833,0.17670937,0.17668638,0.17650561,0.17615966,0.51346135,0.5127683,0.51189595,0.1730233,0.17178722,0.17036913,0.1687705,0.16699387,0.16504277,0.16292168,0.16063605,0.4960109,0.49341547,0.49067616,0.14998247,0.14698073,0.14386134,0.1406338,0.13730802,0.13389407,0.13040222,0.12684281,0.123226255,0.11956292,0.11586304,0.11213682,0.10839417,0.10464478,0.100898124,0.09716326,0.093448944,0.08976352,0.08611492,0.082510605,0.0789576,0.075462446,0.07203116
0.050955858,0.05553564,0.06036615,0.06544262,0.07075791,0.076302394,0.08206388,0.08802759,0.0941761,0.1004894,0.10694493,0.11351772,0.12018045,0.12690374,0.1336563,0.1404052,0.14711621,0.1537541,0.16028303,0.16666688,0.17286976,0.17885636,0.18459238,0.19004503,0.19518329,0.19997858,0.5422237,0.54625803,0.54988074,0.21525708,0.2180126,0.22032037,0.22217643,0.22358115,0.22453904,0.22505885,0.22515336,0.22483924,0.22413686,0.22307001,0.22166543,0.21995269,0.21796365,0.21573198,0.21329285,0.21068239,0.20793729,0.416231,0.41332638,0.41039565,0.40747318,0.4045916,0.19064492,0.1879352,0.18535164,0.18291743,0.18065292,0.17857534,0.1766988,0.17503425,0.17358947,0.17236905,0.17137459,0.17060474,0.1700553,0.16971953,0.16958824,0.16965002,0.16989148,0.17029752,0.17085153,0.17153566,0.17233104,0.17321807,0.17417666,0.17518641,0.17622684,0.17727758,0.17831868,0.17933059,0.18029444,0.18119222,0.18200673,0.18272193,0.18332282,0.1837956,0.18412776,0.18430814,0.18432681,0.1841753,0.18384644,0.18333445,0.18263493,0.18174474,0.18066208,0.17938638,0.17791831,0.17625964,0.17441331,0.17238323,0.1701743,0.16779234,0.16524397,0.1625366,0.15967831,0.15667778,0.15354423,0.1502873,0.14691707,0.1434439,0.13987835,0.13623124,0.13251339,0.12873566,0.12490895,0.12104402,0.11715143,0.11324162,0.10932476,0.105410665,0.101508886,0.097628534,0.09377835,0.08996661,0.08620113,0.082489245,0.078837775,0.07525304
0.048696764,0.053076502,0.05769665,0.062552765,0.06763817,0.07294381,0.078458205,0.084167406,0.09005496,0.096101955,0.10228705,0.10858662,0.11497479,0.12142377,0.12790391,0.13438405,0.14083175,0.14721368,0.15349586,0.15964416,0.16562456,0.17140368,0.17694905,0.18222967,0.18721627,0.1918818,0.5340206,0.5379734,0.5415405,0.20688817,0.20964277,0.211978,0.21389037,0.21538039,0.21645257,0.21711546,0.21738145,0.2172666,0.21679042,0.21597572,0.21484807,0.21343574,0.21176906,0.20988019,0.20780256,0.20557055,0.20321897,0.20078266,0.40943283,0.40692955,0.40444192,0.4020008,0.39963514,0.18623482,0.18409766,0.18210848,0.18028603,0.17864613,0.17720155,0.17596197,0.174934,0.17412126,0.17352436,0.17314115,0.17296673,0.17299372,0.17321235,0.17361079,0.17417528,0.17489043,0.17573933,0.176704,0.17776544,0.17890398,0.18009947,0.1813315,0.18257964,0.1838236,0.18504344,0.18621977,0.18733382,0.18836768,0.5271232,0.52794677,0.5286424,0.19137764,0.1917779,0.1920133,0.19207421,0.19195233,0.19164078,0.19113402,0.19042791,0.18951964,0.1884077,0.18709184,0.18557306,0.1838535,0.18193649,0.17982632,0.17752829,0.17504868,0.17239451,0.16957366,0.16659468,0.1634667,0.16019946,0.15680309,0.15328817,0.14966553,0.14594631,0.14214176,0.13826321,0.1343221,0.13032974,0.12629738,0.12223614,0.118156865,0.11407015,0.1099863,0.105915256,0.10186655,0.0978493,0.093872145,0.089943245,0.086070254,0.082260296,0.078519955
0.046422612,0.050600987,0.05500938,0.059643682,0.06449767,0.0695629,0.07482858,0.0802816,0.08590649,0.09168544,0.09759834,0.10362289,0.109734744,0.11590765,0.12211363,0.12832329,0.13450602,0.14063036,0.14666429,0.15257557,0.15833215,0.16390254,0.16925615,0.17436378,0.17919789,0.18373303,0.52576506,0.52963597,0.5331474,0.19846648,0.20122047,0.20358369,0.20555305,0.20712928,0.20831695,0.20912433,0.2095634,0.2096496,0.20940164,0.20884126,0.20799297,0.20688358,0.20554204,0.20399885,0.20228578,0.2004354,0.19848067,0.19645452,0.19438949,0.403454,0.40140495,0.39940807,0.39749035,0.3956768,0.18285306,0.18131271,0.17993617,0.17873776,0.17772889,0.17691797,0.17631052,0.17590904,0.17571327,0.17572019,0.17592417,0.1763172,0.17688899,0.1776272,0.17851773,0.17954482,0.18069144,0.1819393,0.18326934,0.1846618,0.18609647,0.18755296,0.18901083,0.1904499,0.19185026,0.19319262,0.19445837,0.19562967,0.5345086,0.5354416,0.5362329,0.19905026,0.19951926,0.19981024,0.19991376,0.19982177,0.19952765,0.19902611,0.1983133,0.19738667,0.19624504,0.1948885,0.19331838,0.1915372,0.18954864,0.18735741,0.18496923,0.18239078,0.17962956,0.17669389,0.17359275,0.17033583,0.16693333,0.16339585,0.15973452,0.15596066,0.15208592,0.14812206,0.14408097,0.1399745,0.13581455,0.13161282,0.1273809,0.123130135,0.11887158,0.11461597,0.11037366,0.10615463,0.10196832,0.0978238,0.093729556,0.089693554,0.085723236,0.08182546
0.04414635,0.04812319,0.05231964,0.056731947,0.06135435,0.066178955,0.07119572,0.07639238,0.081754416,0.08726513,0.09290564,0.09865502,0.104490384,0.110387035,0.116318725,0.122257784,0.12817545,0.13404216,0.13982777,0.14550203,0.15103479,0.15639651,0.16155846,0.16649325,0.17117505,0.17558005,0.17968673,0.18347615,0.18693224,0.19004208,0.19279598,0.19518778,0.19721478,0.19887799,0.20018189,0.2011346,0.20174769,0.20203592,0.20201722,0.20171233,0.20114455,0.20033939,0.1993243,0.19812816,0.19678108,0.19531383,0.19375747,0.19214313,0.1905013,0.18886171,0.39838976,0.3968388,0.3953709,0.3940091,0.3927743,0.18054788,0.17961912,0.1788641,0.17829286,0.17791255,0.1777275,0.17773922,0.17794648,0.17834541,0.17892969,0.1796906,0.18061733,0.18169712,0.18291542,0.18425621,0.18570216,0.18723483,0.18883505,0.19048291,0.1921582,0.1938405,0.19550943,0.19714479,0.19872683,0.20023629,0.20165469,0.20296435,0.54196745,0.5430106,0.5438982,0.20679821,0.20733637,0.20768324,0.20782961,0.20776764,0.54530984,0.54481345,0.5440937,0.20532964,0.20415796,0.20276028,0.20113827,0.19929484,0.19723402,0.19496089,0.19248167,0.18980339,0.18693407,0.18388245,0.18065801,0.17727089,0.1737318,0.17005189,0.16624272,0.16231619,0.15828443,0.15415974,0.1499545,0.14568111,0.14135194,0.13697922,0.132575,0.12815109,0.12371905,0.11929003,0.114874825,0.11048381,0.10612685,0.10181335,0.097552165,0.093351595,0.08921937,0.08516265
0.04188029,0.04565651,0.049641993,0.05383333,0.058225207,0.062810324,0.06757935,0.07252084,0.07762126,0.082865015,0.08823446,0.09371001,0.09927024,0.104892045,0.11055083,0.116220675,0.12187467,0.12748511,0.13302377,0.13846235,0.14377263,0.14892694,0.15389849,0.15866162,0.16319224,0.16746819,0.17146938,0.17517824,0.1785799,0.18166241,0.18441696,0.18683797,0.18892321,0.19067384,0.19209442,0.19319281,0.19398016,0.19447063,0.19468135,0.194632,0.19434474,0.19384378,0.19315507,0.19230591,0.1913247,0.1902404,0.18908231,0.18787952,0.18666072,0.18545371,0.18428509,0.3943168,0.39329854,0.3923885,0.39160568,0.39096677,0.17934905,0.17903748,0.17890398,0.17895445,0.17919204,0.1796172,0.18022777,0.18101908,0.18198399,0.18311323,0.1843954,0.18581723,0.18736383,0.18901886,0.19076473,0.1925828,0.19445373,0.19635761,0.1982741,0.20018281,0.20206334,0.20389557,0.20565978,0.20733686,0.2089084,0.21035682,0.2116656,0.21281926,0.21380349,0.21460521,0.2152127,0.21561559,0.21580485,0.21577293,0.5533325,0.5528411,0.55211437,0.21333139,0.21212934,0.21069014,0.20901577,0.20710956,0.20497586,0.20262024,0.20004925,0.19727041,0.19429214,0.19112368,0.18777502,0.18425673,0.18058005,0.17675662,0.17279856,0.16871822,0.16452828,0.16024159,0.15587102,0.15142947,0.14692986,0.14238487,0.13780709,0.1332088,0.12860198,0.12399827,0.119408906,0.11484465,0.11031579,0.10583208,0.10140273,0.09703639,0.09274109,0.08852425
0.039636,0.043213546,0.04699012,0.050962638,0.055126246,0.059474226,0.06399795,0.0686868,0.073528215,0.078507684,0.083608784,0.08881326,0.09410115,0.099450916,0.1048396,0.11024307,0.11563618,0.120993085,0.12628752,0.13149302,0.13658334,0.14153269,0.1463161,0.15090974,0.15529123,0.15943995,0.16333733,0.16696714,0.17031565,0.17337197,0.17612804,0.17857896,0.18072288,0.18256122,0.1840985,0.18534242,0.18630365,0.1869958,0.18743514,0.18764041,0.18763262,0.1874346,0.18707085,0.18656714,0.18595015,0.18524711,0.18448542,0.18369238,0.1828947,0.1821183,0.18138784,0.1807266,0.39129287,0.39083263,0.39049998,0.39030996,0.39027506,0.17926851,0.17957112,0.18005084,0.1807096,0.18154688,0.18255953,0.18374205,0.18508658,0.18658318,0.18821989,0.18998301,0.19185725,0.19382592,0.19587116,0.1979742,0.20011555,0.2022751,0.20443256,0.20656745,0.20865946,0.21068843,0.21263477,0.21447939,0.216204,0.21779118,0.21922451,0.22048865,0.22156943,0.22245398,0.22313079,0.22358963,0.22382168,0.22381967,0.5613965,0.56091,0.5601759,0.22137381,0.22014108,0.21866006,0.21693301,0.2149636,0.21275662,0.21031801,0.20765473,0.20477478,0.20168701,0.19840112,0.19492757,0.19127746,0.18746248,0.1834948,0.17938706,0.17515215,0.17080326,0.16635373,0.16181698,0.15720648,0.15253553,0.14781745,0.14306523,0.13829167,0.13350922,0.12872997,0.12396556,0.11922721,0.11452558,0.1098708,0.10527247,0.10073953,0.09628032,0.09190258
0.03742422,0.040806003,0.04437672,0.048133634,0.052072335,0.056186672,0.06046871,0.06490867,0.06949493,0.074214056,0.07905084,0.08398833,0.08900802,0.09408989,0.09921264,0.10435383,0.109490134,0.11459754,0.119651616,0.12462784,0.12950185,0.1342497,0.13884827,0.14327548,0.14751065,0.15153472,0.1553306,0.15888333,0.16218041,0.16521186,0.16797051,0.17045203,0.17265502,0.17458105,0.17623472,0.1776235,0.17875764,0.17965016,0.18031654,0.18077454,0.181044,0.18114647,0.18110506,0.1809439,0.18068808,0.18036304,0.17999443,0.17960763,0.17922749,0.17887804,0.17858209,0.17836101,0.17823455,0.38935718,0.3894711,0.38972637,0.39013407,0.39070266,0.18030137,0.18120714,0.1822841,0.18353058,0.18494259,0.1865137,0.1882354,0.1900971,0.19208623,0.19418865,0.19638869,0.19866931,0.2010124,0.20339899,0.20580941,0.2082235,0.21062088,0.21298105,0.21528366,0.21750863,0.21963638,0.22164796,0.22352512,0.22525059,0.22680803,0.22818223,0.22935925,0.23032637,0.23107219,0.2315867,0.23186132,0.23188901,0.23166399,0.23118207,0.23044048,0.22943789,0.22817433,0.22665116,0.2248712,0.22283833,0.2205578,0.2180359,0.21528009,0.2122987,0.2091011,0.5435163,0.5399175,0.87395406,0.53218156,0.5280693,0.18599257,0.18160269,0.17709443,0.17248164,0.1677783,0.16299835,0.15815568,0.15326402,0.14833692,0.14338763,0.13842908,0.13347383,0.12853394,0.123621024,0.11874619,0.113919936,0.10915216,0.104452185,0.09982867,0.0952896
0.035254806,0.038444605,0.04181345,0.045358934,0.04907709,0.052962333,0.057007406,0.06120334,0.06553945,0.07000335,0.07458102,0.079256825,0.08401365,0.088833,0.09369517,0.09857942,0.10346417,0.10832722,0.11314598,0.11789779,0.122560136,0.12711094,0.13152884,0.13579349,0.1398859,0.14378853,0.14748572,0.15096383,0.15421146,0.15721968,0.15998204,0.16249484,0.1647571,0.16677065,0.16854002,0.50789136,0.5091968,0.5102877,0.17335986,0.17406778,0.1746113,0.17501074,0.17528777,0.17546506,0.17556597,0.17561431,0.17563389,0.17564832,0.17568058,0.17575285,0.17588608,0.17609984,0.17641205,0.17683873,0.38853067,0.38922608,0.39007124,0.39107326,0.39223674,0.18242711,0.18391769,0.18556905,0.18737623,0.18933201,0.19142711,0.19365029,0.5338074,0.536246,0.5387688,0.2035398,0.2061782,0.20884599,0.21152331,0.21418995,0.21682538,0.21940914,0.22192082,0.22434041,0.22664835,0.22882573,0.23085444,0.23271726,0.234398,0.2358816,0.23715419,0.23820327,0.23901758,0.23958734,0.23990415,0.23996116,0.23975286,0.23927532,0.238526,0.23750384,0.23620923,0.23464386,0.23281077,0.23071438,0.22836018,0.22575493,0.22290646,0.2198236,0.2165161,0.5508135,0.54708946,0.8809937,0.53908247,0.53482556,0.19259879,0.18805388,0.18338622,0.17861016,0.1737402,0.16879079,0.16377634,0.15871109,0.15360908,0.14848408,0.14334942,0.13821813,0.13310274,0.12801528,0.12296721,0.11796942,0.11303221,0.10816519,0.10337734,0.09867694
0.033136673,0.03613906,0.039310846,0.04264995,0.046152838,0.049814478,0.053628273,0.05758605,0.06167805,0.06589291,0.07021777,0.07463827,0.079138674,0.08370196,0.08831,0.09294372,0.097583234,0.10220811,0.10679759,0.111330815,0.11578707,0.120146096,0.124388285,0.12849501,0.13244882,0.13623379,0.1398356,0.14324191,0.14644243,0.14942916,0.15219647,0.15474124,0.1570629,0.15916348,0.1610475,0.500541,0.50201565,0.5033022,0.16659577,0.16754991,0.16836335,0.16905518,0.16964568,0.17015603,0.17060801,0.17102374,0.17142531,0.17183453,0.1722726,0.17275983,0.17331542,0.17395712,0.17470111,0.17556173,0.17655131,0.3888169,0.3900929,0.39152178,0.39310694,0.39484936,0.18561086,0.18766135,0.18985818,0.19219337,0.19465688,0.1972368,0.53773844,0.5405089,0.5433507,0.20842707,0.21135724,0.21430293,0.21724413,0.22016048,0.2230314,0.22583635,0.22855493,0.23116715,0.23365344,0.23599501,0.23817377,0.24017261,0.24197544,0.24356733,0.24493459,0.24606478,0.24694687,0.24757127,0.24792974,0.24801564,0.2478237,0.24735022,0.24659291,0.24555106,0.24422526,0.24261762,0.24073146,0.23857155,0.23614378,0.2334553,0.23051438,0.2273302,0.22391306,0.55809283,0.5542438,0.8880161,0.54596657,0.54156524,0.19918877,0.19448923,0.18966252,0.18472357,0.17968738,0.17456895,0.16938314,0.16414474,0.15886827,0.15356794,0.14825761,0.14295074,0.13766028,0.13239868,0.1271778,0.122008935,0.116902694,0.11186904,0.10691726,0.102055915
0.031077763,0.033898003,0.036878284,0.040016834,0.04331054,0.046754904,0.05034399,0.054070394,0.057925235,0.061898187,0.06597749,0.07015003,0.074401416,0.07871608,0.08307742,0.08746795,0.09186949,0.09626332,0.10063041,0.10495171,0.10920826,0.11338155,0.11745368,0.12140769,0.1252277,0.12889925,0.13240941,0.13574705,0.13890299,0.14187016,0.1446437,0.14722106,0.14960207,0.15178896,0.15378629,0.49341986,0.49506104,0.49654,0.16005106,0.16124691,0.16232525,0.16330393,0.16420187,0.16503882,0.16583501,0.16661091,0.16738696,0.16818322,0.16901912,0.16991322,0.17088291,0.17194425,0.17311169,0.17439792,0.17581366,0.17736764,0.39020324,0.39205113,0.39405027,0.3962004,0.3984991,0.18980493,0.19238468,0.19509275,0.19791843,0.20084922,0.5416898,0.5447869,0.5479424,0.21331958,0.21653712,0.21975657,0.2229578,0.2261203,0.22922336,0.23224644,0.23516911,0.23797134,0.24063367,0.24313721,0.24546412,0.2475972,0.2495206,0.2512194,0.25268006,0.2538903,0.25483927,0.2555175,0.25591695,0.2560312,0.25585517,0.25538543,0.25462002,0.25355828,0.25220132,0.25055143,0.24861233,0.2463891,0.24388805,0.24111669,0.23808366,0.23479865,0.23127232,0.2275163,0.22354281,0.21936503,0.21499655,0.21045169,0.20574504,0.20089163,0.19590671,0.19080572,0.18560416,0.18031752,0.17496125,0.16955058,0.16410051,0.15862578,0.15314066,0.14765911,0.14219448,0.13675962,0.13136685,0.12602775,0.12075335,0.11555392,0.11043905,0.10541759
0.029085001,0.031728994,0.03452397,0.037468467,0.04055978,0.04379394,0.047165636,0.050668214,0.054293673,0.05803264,0.061874475,0.065807246,0.06981788,0.073892206,0.0780151,0.08217064,0.08634227,0.09051293,0.094665326,0.098782085,0.102846,0.10684023,0.11074856,0.11455561,0.11824707,0.121809855,0.12523241,0.12850481,0.1316189,0.13456854,0.1373496,0.1399601,0.14240028,0.14467251,0.14678146,0.14873378,0.15053833,0.15220577,0.1537486,0.15518095,0.15651831,0.15777737,0.15897578,0.16013184,0.16126432,0.16239208,0.16353396,0.16470827,0.16593277,0.16722433,0.1685986,0.17006996,0.17165118,0.17335334,0.17518568,0.17715535,0.17926757,0.3926621,0.39506617,0.39761528,0.4003059,0.40313238,0.19495031,0.19802366,0.20120424,0.20447887,0.20783292,0.21125028,0.21471366,0.21820477,0.22170438,0.22519267,0.22864927,0.23205356,0.23538482,0.23862232,0.24174562,0.24473475,0.24757019,0.2502332,0.25270578,0.25497103,0.25701302,0.25881705,0.26036963,0.2616586,0.26267332,0.2634044,0.26384407,0.26398605,0.26382548,0.26335916,0.26258534,0.26150373,0.2601156,0.25842366,0.25643185,0.2541457,0.2515718,0.24871811,0.24559365,0.24220857,0.2385739,0.2347017,0.23060478,0.22629668,0.2217916,0.21710421,0.21224976,0.20724367,0.20210177,0.19683997,0.19147432,0.18602084,0.18049541,0.17491384,0.16929156,0.16364376,0.15798526,0.15233038,0.14669293,0.14108622,0.13552286,0.1300149,0.12457364,0.11920974,0.11393307,0.10875276
0.027164325,0.029638479,0.0322549,0.035012424,0.037908744,0.04094039,0.044102665,0.04738965,0.050794158,0.054307792,0.057920944,0.06162286,0.06540171,0.06924469,0.07313811,0.07706756,0.08101803,0.0849741,0.0889201,0.09284033,0.09671924,0.100541644,0.10429291,0.107959226,0.11152774,0.11498679,0.11832607,0.121536806,0.12461192,0.1275461,0.13033597,0.1329801,0.13547906,0.13783547,0.14005397,0.1421411,0.14410533,0.14595681,0.14770739,0.1493703,0.15096006,0.15249225,0.15398325,0.15545003,0.15690987,0.15838015,0.15987808,0.16142038,0.16302317,0.16470163,0.16646975,0.16834031,0.17032446,0.1724317,0.17466979,0.17704448,0.17955954,0.1822167,0.39615238,0.39909053,0.40216336,0.4053644,0.4086851,0.20097822,0.20450534,0.20811586,0.21179461,0.215525,0.21928942,0.22306918,0.22684477,0.23059613,0.23430273,0.23794383,0.24149856,0.24494615,0.24826615,0.25143847,0.25444365,0.25726295,0.2598785,0.26227334,0.2644317,0.26633894,0.26798165,0.26934788,0.27042702,0.27120987,0.27168885,0.2718578,0.27171215,0.2712489,0.2704665,0.269365,0.2679459,0.2662121,0.26416805,0.2618195,0.25917348,0.25623825,0.25302327,0.24953908,0.24579717,0.24181005,0.23759097,0.23315395,0.22851366,0.22368532,0.21868455,0.21352743,0.20823023,0.20280936,0.1972814,0.19166283,0.18597008,0.18021941,0.17442675,0.16860779,0.16277775,0.1569514,0.15114301,0.14536627,0.13963418,0.13395914,0.12835288,0.12282625,0.11738952,0.11205206
0.025320657,0.027631823,0.030076902,0.032655008,0.03536423,0.03820157,0.041162938,0.044243097,0.04743568,0.050733186,0.05412703,0.057607584,0.06116423,0.06478545,0.06845895,0.07217176,0.0759104,0.07966098,0.083409436,0.08714164,0.09084366,0.094501875,0.098103225,0.10163536,0.10508687,0.10844742,0.11170794,0.114860795,0.11789986,0.1208207,0.123620614,0.12629871,0.12885593,0.13129508,0.13362081,0.13583954,0.13795935,0.13998994,0.14194247,0.1438294,0.14566429,0.14746161,0.14923656,0.15100479,0.1527822,0.15458472,0.156428,0.15832724,0.16029695,0.16235068,0.1645009,0.16675876,0.16913387,0.17163429,0.17426622,0.1770341,0.17994036,0.18298548,0.18616793,0.40062094,0.40406534,0.40763053,0.41130713,0.415084,0.20781158,0.21174914,0.21574405,0.21977945,0.2238372,0.22789828,0.231943,0.23595098,0.23990156,0.2437738,0.2475467,0.25119948,0.2547116,0.25806293,0.26123402,0.2642061,0.26696143,0.269483,0.27175513,0.27376324,0.27549413,0.27693582,0.27807784,0.27891126,0.2794285,0.27962372,0.27949244,0.27903187,0.2782408,0.2771194,0.2756695,0.2738943,0.27179858,0.26938838,0.26667112,0.2636554,0.26035103,0.25676906,0.2529213,0.24882078,0.24448119,0.23991698,0.23514335,0.23017593,0.22503088,0.2197248,0.2142744,0.20869665,0.20300858,0.19722722,0.19136944,0.18545198,0.17949131,0.17350352,0.16750428,0.16150886,0.15553187,0.14958742,0.14368893,0.13784914,0.13208008,0.126393,0.12079841,0.11530595
0.02355795,0.025713326,0.027994635,0.030401267,0.032931678,0.035583343,0.038352735,0.04123528,0.04422539,0.047316447,0.050500832,0.053769983,0.057114452,0.060523972,0.06398757,0.06749367,0.07103022,0.4124037,0.41596386,0.41951692,0.08523166,0.08873367,0.09219252,0.095597304,0.09893796,0.10220543,0.10539185,0.10849065,0.11149666,0.11440625,0.11721738,0.11992967,0.122544445,0.12506467,0.127495,0.12984173,0.13211264,0.13431695,0.13646518,0.13856903,0.14064111,0.1426949,0.14474444,0.14680414,0.14888856,0.1510122,0.15318929,0.15543354,0.15775788,0.1601744,0.162694,0.1653263,0.16807948,0.1709601,0.17397302,0.1771213,0.18040612,0.18382677,0.18738055,0.1910629,0.40600407,0.40992212,0.41394374,0.41805696,0.42224848,0.21536648,0.21966833,0.22399981,0.22834246,0.23267691,0.23698315,0.24124065,0.24542847,0.24952556,0.2535108,0.5951822,0.5988813,0.602407,0.26792082,0.2710418,0.2739333,0.27657837,0.2789614,0.28106788,0.2828846,0.2843998,0.2856031,0.28648567,0.2870401,0.28726068,0.6249621,0.62450385,0.6237039,0.28474388,0.2832635,0.2814475,0.27930084,0.2768299,0.27404246,0.2709475,0.26755524,0.26387703,0.25992522,0.2557132,0.25125504,0.2465658,0.24166098,0.23655684,0.23126997,0.2258174,0.2202164,0.2144844,0.20863892,0.2026975,0.19667748,0.19059607,0.1844702,0.17831643,0.1721509,0.16598922,0.15984648,0.15373719,0.1476751,0.14167334,0.13574426,0.12989943,0.12414963,0.118504815
0.233016,0.23502304,0.23714842,0.2393918,0.24175201,0.24422693,0.2468136,0.24950808,0.25230554,0.25520015,0.25818524,0.2612533,0.26439598,0.26760417,0.27086824,0.27417788,0.27752244,0.6187098,0.6220911,0.62547433,0.2910293,0.29438335,0.29770732,0.3009917,0.30422783,0.30740774,0.3105248,0.3135734,0.31654933,0.3194497,0.3222731,0.32501972,0.3276911,0.3302905,0.33282253,0.3352934,0.33771056,0.34008273,0.34241992,0.34473306,0.34703392,0.34933496,0.3516491,0.3539896,0.35636976,0.35880274,0.36130133,0.3638779,0.36654383,0.36930978,0.37218523,0.37517828,0.37829578,0.38154283,0.38492298,0.38843802,0.3920879,0.39587075,0.39978284,0.40381855,0.40797043,0.623366,0.62772083,0.6321592,0.6366669,0.6412284,0.43469036,0.43930832,0.44392666,0.44852582,0.45308542,0.45758462,0.46200243,0.4663175,0.47050864,0.8123738,0.81625444,0.8199493,0.48562008,0.48888567,0.49190938,0.49467438,0.4971651,0.49936715,0.50126725,0.5028538,0.50411654,0.5050468,0.50563717,0.5058822,0.84359676,0.84314054,0.8423317,0.50335205,0.5018417,0.49998552,0.49778876,0.4952582,0.49240193,0.4892293,0.48575076,0.48197827,0.4779244,0.47360307,0.46902877,0.46421692,0.45918357,0.45394552,0.44851965,0.44292352,0.437175,0.4312918,0.42529213,0.4191939,0.4130149,0.40677285,0.40048513,0.39416873,0.38784024,0.38151568,0.37521055,0.36893976,0.3627174,0.3565569,0.35047105,0.34447166,0.33856982,0.33277574
0.23142327,0.23328964,0.23526715,0.23735571,0.23955452,0.24186185,0.24427526,0.24679145,0.24940625,0.25211465,0.25491092,0.25778845,0.26073992,0.26375747,0.26683253,0.2699562,0.27311903,0.6141303,0.61734265,0.6205651,0.28596932,0.28918368,0.29238054,0.29555166,0.2986895,0.3017875,0.30483988,0.30784217,0.31079087,0.313684,0.31652066,0.31930152,0.32202843,0.3247049,0.32733548,0.32992625,0.33248442,0.33501834,0.33753735,0.34005168,0.3425724,0.3451109,0.34767917,0.3502893,0.35295334,0.3556832,0.3584904,0.36138585,0.36437967,0.36748105,0.37069806,0.3740375,0.37750474,0.3811037,0.3848366,0.388704,0.3927047,0.39683574,0.4010923,0.4054678,0.40995398,0.7523595,0.968172,0.9729233,0.9777355,0.9825926,0.9874775,0.44341603,0.44830042,0.4531549,0.45795903,0.4626916,0.46733153,0.47185722,0.47624743,0.81829983,0.82235605,0.8262146,0.49203715,0.49544263,0.49859428,0.50147545,0.5040704,0.5063649,0.50834566,0.5100013,0.51132154,0.5122977,0.5129229,0.51319146,0.8509184,0.850464,0.84964615,0.51064724,0.5091073,0.50721174,0.50496596,0.5023771,0.4994535,0.49620485,0.49264216,0.48877755,0.48462403,0.4801959,0.47550818,0.4705767,0.46541786,0.4600489,0.45448735,0.44875115,0.44285846,0.43682775,0.43067756,0.42442617,0.41809198,0.41169313,0.40524742,0.39877224,0.39228466,0.3858011,0.37933743,0.37290892,0.36653006,0.3602147,0.35397577,0.3478255,0.3417752,0.33583537
0.018781077,0.020514494,0.022352278,0.02429458,0.026340865,0.028489882,0.030739652,0.033087432,0.03552974,0.03806234,0.040680286,0.043377925,0.046148982,0.0489866,0.05188341,0.054831624,0.057823148,0.060849655,0.06390272,0.06697395,0.0700551,0.07313821,0.07621572,0.079280645,0.08232664,0.08534818,0.08834061,0.091300294,0.09422466,0.09711231,0.09996305,0.10277787,0.10555909,0.1083102,0.11103593,0.11374215,0.11643584,0.119124934,0.12181827,0.12452544,0.12725662,0.13002247,0.1328339,0.13570192,0.13863751,0.14165133,0.14475365,0.14795408,0.15126145,0.15468363,0.15822735,0.16189812,0.16570005,0.16963574,0.17370626,0.17791097,0.1822476,0.18671209,0.19129865,0.19599983,0.53862524,0.8813453,0.8863286,0.7646981,0.7698026,0.7749436,0.7801032,0.44744393,0.2414471,0.24654718,0.2515864,0.25654358,0.26139718,0.26612565,0.27070752,0.2751215,0.2793468,0.2833631,0.28715083,0.29069117,0.29396626,0.29695937,0.29965487,0.30203846,0.30409712,0.3058193,0.3071949,0.30821544,0.3088739,0.309165,0.30908504,0.3086319,0.3078052,0.30660608,0.3050373,0.30310324,0.3008097,0.298164,0.29517487,0.2918523,0.2882076,0.28425324,0.28000283,0.27547085,0.27067277,0.26562485,0.26034403,0.2548478,0.24915425,0.24328174,0.23724894,0.23107478,0.22477809,0.21837781,0.2118927,0.20534132,0.19874193,0.19211239,0.18547009,0.17883189,0.17221405,0.16563217,0.15910116,0.1526351,0.14624733,0.1399503,0.13375567,0.12767413
0.01736336,0.018971618,0.020677865,0.022482472,0.024385212,0.02638522,0.028480975,0.030670283,0.032950293,0.035317484,0.037767693,0.040296156,0.04289754,0.045566004,0.04829525,0.05107864,0.053909235,0.056779932,0.059683543,0.06261291,0.06556106,0.06852125,0.071487136,0.07445289,0.07741329,0.08036385,0.08330089,0.08622165,0.089124344,0.092008226,0.09487365,0.09772207,0.10055605,0.103379264,0.10619647,0.10901342,0.11183685,0.11467434,0.1175342,0.120425396,0.123357415,0.12634003,0.12938328,0.13249713,0.13569148,0.13897589,0.1423594,0.14585045,0.14945659,0.15318446,0.15703955,0.16102614,0.16514708,0.16940384,0.17379628,0.17832273,0.18297982,0.1877625,0.19266407,0.19767615,0.54060763,0.88362795,0.8889053,0.55642503,0.7729458,0.7783583,0.7837808,0.4513756,0.45676038,0.25095874,0.2562233,0.26139566,0.2664542,0.27137715,0.27614284,0.28072995,0.28511757,0.28928533,0.29321355,0.2968834,0.30027708,0.30337775,0.30616987,0.30863908,0.31077248,0.3125586,0.3139873,0.3150503,0.3157407,0.3160533,0.31598452,0.3155325,0.31469694,0.31347921,0.31188232,0.30991086,0.30757093,0.3048701,0.30181736,0.29842314,0.29469898,0.29065776,0.28631338,0.28168076,0.27677578,0.2716151,0.266216,0.26059654,0.25477514,0.24877065,0.24260214,0.23628896,0.22985046,0.22330594,0.21667467,0.20997559,0.20322737,0.19644827,0.18965612,0.18286815,0.176101,0.16937062,0.16269222,0.15608023,0.14954829,0.14310916,0.13677472,0.13055593
0.01603304,0.017523887,0.019106742,0.020782199,0.02255031,0.02441057,0.026361898,0.028402615,0.030530464,0.032742593,0.03503559,0.03740551,0.039847914,0.042357914,0.04493024,0.047559295,0.05023927,0.052964196,0.05572804,0.058524847,0.06134878,0.06419428,0.067056134,0.069929615,0.07281055,0.07569545,0.07858152,0.08146685,0.084350385,0.087232016,0.090112604,0.092994,0.09587905,0.098771594,0.1016764,0.10459913,0.107546285,0.110525094,0.11354341,0.11660962,0.11973251,0.12292108,0.12618448,0.12953176,0.1329718,0.13651305,0.14016351,0.14393039,0.14782016,0.15183824,0.15598895,0.16027538,0.16469929,0.16926098,0.17395927,0.17879142,0.18375306,0.18883821,0.19403929,0.19934708,0.5425697,0.54805696,0.5536142,0.22140726,0.22705753,0.44386536,0.44953853,0.45519432,0.46081254,0.46637207,0.26071483,0.2660927,0.27134687,0.27645555,0.28139693,0.28614953,0.2906923,0.29500487,0.29906747,0.30286127,0.30636832,0.30957192,0.31245646,0.31500766,0.31721255,0.31905976,0.3205393,0.32164288,0.32236373,0.32269675,0.3226385,0.32218727,0.32134297,0.32010713,0.31848302,0.3164754,0.3140906,0.31133652,0.30822244,0.304759,0.3009582,0.29683313,0.29239812,0.28766844,0.28266037,0.27739093,0.27187783,0.26613948,0.2601948,0.254063,0.24776365,0.24131645,0.23474121,0.22805764,0.22128542,0.21444388,0.20755216,0.20062889,0.19369227,0.18675989,0.17984876,0.17297518,0.16615468,0.159402,0.15273105,0.1461549,0.13968565,0.1333345
0.014789125,0.016170219,0.01763774,0.019192483,0.020834766,0.022564432,0.024380798,0.02628268,0.028268369,0.030335646,0.032481804,0.03470367,0.036997635,0.039359707,0.04178557,0.044270642,0.04681013,0.049399145,0.052032754,0.054706078,0.05741441,0.06015326,0.06291851,0.065706424,0.06851385,0.07133819,0.07417754,0.07703075,0.079897456,0.08277813,0.08567414,0.08858771,0.09152195,0.094480835,0.097469166,0.10049252,0.10355718,0.10667004,0.10983853,0.11307048,0.116374046,0.1197575,0.12322916,0.12679723,0.13046958,0.13425373,0.13815658,0.1421843,0.14634223,0.15063474,0.155065,0.15963504,0.16434552,0.1691957,0.17418338,0.17930485,0.1845548,0.18992634,0.19541106,0.20099895,0.20667851,0.21243674,0.21825929,0.22413042,0.23003323,0.2359497,0.45299754,0.45888337,0.46472317,0.47049585,0.47617978,0.27061614,0.2760564,0.28134176,0.28645027,0.29136035,0.29605085,0.3005013,0.30469185,0.30860364,0.31221876,0.3155204,0.31849298,0.32112223,0.32339525,0.32530066,0.3268286,0.3279707,0.32872048,0.32907283,0.32902446,0.32857382,0.32772097,0.32646763,0.3248172,0.3227748,0.32034683,0.3175416,0.31436858,0.3108387,0.30696425,0.3027587,0.29823673,0.2934139,0.28830686,0.28293303,0.27731052,0.27145815,0.26539516,0.25914124,0.25271627,0.24614047,0.23943399,0.23261699,0.22570953,0.21873131,0.21170191,0.2046403,0.19756505,0.1904941,0.18344483,0.17643383,0.16947697,0.1625893,0.155785,0.14907736,0.14247873,0.13600062
0.013630032,0.014908885,0.01626897,0.01771127,0.019236362,0.020844396,0.022535086,0.024307685,0.026161015,0.028093444,0.03010292,0.03218699,0.034342825,0.036567282,0.038856924,0.0412081,0.04361699,0.046079714,0.04859235,0.05115106,0.053752143,0.056392156,0.05906795,0.06177678,0.064516395,0.06728507,0.0700817,0.07290587,0.075757846,0.07863867,0.08155016,0.08449489,0.08747623,0.09049828,0.09356588,0.09668451,0.09986025,0.10309972,0.10640992,0.10979819,0.11327207,0.11683918,0.12050705,0.124283046,0.12817422,0.13218708,0.13632758,0.14060092,0.14501138,0.1495623,0.15425585,0.159093,0.16407344,0.16919543,0.1744558,0.17984992,0.18537162,0.19101319,0.19676538,0.2026175,0.20855732,0.21457121,0.22064425,0.22676012,0.23290145,0.23904978,0.24518566,0.46242562,0.46847504,0.47444937,0.4803266,0.48608452,0.28056416,0.28601682,0.2912836,0.29634288,0.30117333,0.30575445,0.31006628,0.31408995,0.31780753,0.32120213,0.32425818,0.32696146,0.32929903,0.33125964,0.33283338,0.33401203,0.33478913,0.33515972,0.3351206,0.33467034,0.33380914,0.33253896,0.33086336,0.32878757,0.3263184,0.32346427,0.3202349,0.31664154,0.3126968,0.30841443,0.30380937,0.29889762,0.29369614,0.28822264,0.2824957,0.27653447,0.27035853,0.26398802,0.2574432,0.25074467,0.24391294,0.23696856,0.22993201,0.22282337,0.21566255,0.20846888,0.20126131,0.19405815,0.18687701,0.17973486,0.17264786,0.16563134,0.15869972,0.1518666,0.14514455,0.13854522
0.01255364,0.0137375705,0.0149979135,0.016335834,0.017752137,0.019247277,0.020821314,0.022473937,0.02420444,0.026011748,0.027894417,0.029850662,0.03187839,0.03397523,0.036138576,0.038365643,0.040653534,0.04299927,0.045399897,0.047852527,0.050354432,0.052903105,0.055496324,0.058132254,0.060809486,0.063527115,0.066284776,0.06908272,0.07192184,0.07480369,0.07773049,0.080705166,0.083731316,0.086813174,0.089955606,0.093164,0.09644427,0.099802755,0.10324607,0.106781095,0.11041481,0.1141542,0.118006095,0.121977106,0.12607342,0.13030073,0.13466406,0.13916765,0.14381488,0.1486081,0.15354852,0.15863617,0.16386977,0.16924669,0.17476287,0.18041281,0.18618953,0.19208454,0.19808786,0.20418808,0.21037231,0.21662638,0.22293474,0.22928065,0.23564623,0.24201255,0.24835986,0.2546675,0.47205102,0.47821513,0.48427433,0.49020636,0.4959887,0.29046217,0.29587808,0.30107796,0.3060404,0.3107447,0.3151709,0.31930012,0.3231143,0.3265966,0.3297314,0.3325045,0.33490303,0.33691564,0.33853257,0.33974567,0.34054846,0.34093612,0.3409056,0.3404556,0.33958638,0.33830014,0.3366005,0.334493,0.33198464,0.329084,0.32580116,0.32214758,0.3181361,0.31378078,0.30909687,0.30410072,0.2988096,0.29324156,0.2874155,0.28135094,0.2750679,0.26858672,0.2619282,0.25511315,0.24816258,0.2410974,0.23393835,0.22670598,0.21942046,0.2121015,0.20476837,0.19743972,0.1901335,0.18286692,0.17565644,0.16851765,0.16146527,0.15451308,0.14767389,0.14095956
0.011557369,0.012653458,0.013821509,0.015062844,0.016378496,0.017769186,0.01923531,0.020776944,0.02239384,0.024085421,0.02585082,0.02768887,0.029598152,0.03157702,0.03362364,0.03573603,0.03791213,0.04014983,0.042447053,0.0448018,0.047212236,0.049676724,0.052193914,0.0547628,0.05738277,0.06005366,0.062775806,0.0655501,0.06837797,0.07126145,0.074203186,0.07720639,0.08027488,0.083413005,0.086625665,0.08991818,0.0932963,0.096766084,0.10033382,0.10400595,0.10778894,0.11168918,0.115712866,0.11986588,0.124153666,0.12858108,0.13315232,0.1378708,0.14273897,0.14775828,0.1529291,0.15825054,0.16372046,0.16933537,0.17509039,0.1809792,0.18699408,0.1931258,0.19936371,0.20569572,0.2121084,0.21858695,0.22511536,0.23167636,0.23825163,0.24482194,0.25136706,0.2578661,0.26429752,0.481776,0.4880057,0.49410078,0.5000385,0.50579643,0.30021542,0.30554706,0.31063318,0.31545302,0.31998652,0.32421473,0.32811952,0.33168408,0.33489278,0.33773136,0.34018704,0.34224844,0.34390584,0.3451512,0.34597805,0.3463817,0.34635916,0.3459092,0.34503236,0.3437308,0.34200853,0.33987114,0.33732575,0.33438125,0.33104795,0.32733753,0.3232631,0.318839,0.3140808,0.30900508,0.3036294,0.29797226,0.2920528,0.28589082,0.27950677,0.27292132,0.26615557,0.25923076,0.2521682,0.24498911,0.2377146,0.23036557,0.22296251,0.21552548,0.20807402,0.2006271,0.19320294,0.18581907,0.17849222,0.17123821,0.16407198,0.15700755,0.15005796,0.14323522
0.010638247,0.011653314,0.012736235,0.013888489,0.015111309,0.016405666,0.017772272,0.019211557,0.020723691,0.022308573,0.023965852,0.025694942,0.027495045,0.029365184,0.031304237,0.03331097,0.03538409,0.037522286,0.039724305,0.04198896,0.04431524,0.046702325,0.049149662,0.051657006,0.054224487,0.05685263,0.059542425,0.062295314,0.065113276,0.06799879,0.07095483,0.073984936,0.0770931,0.080283806,0.08356196,0.086932816,0.09040199,0.09397528,0.09765869,0.10145822,0.10537988,0.10942952,0.11361274,0.117934756,0.1224003,0.1270135,0.1317778,0.13669574,0.14176904,0.14699829,0.15238301,0.15792154,0.1636109,0.16944683,0.17542368,0.1815344,0.18777052,0.19412217,0.20057805,0.2071255,0.21375048,0.22043774,0.22717069,0.2339317,0.24070205,0.24746206,0.25419125,0.26086834,0.2674716,0.2739787,0.4915039,0.4977507,0.50383323,0.5097287,0.5154147,0.30973238,0.31493372,0.3198612,0.3244947,0.32881507,0.33280438,0.3364456,0.3397232,0.34262285,0.34513175,0.3472386,0.34893376,0.35020915,0.35105836,0.35147688,0.3514617,0.35101175,0.3501277,0.34881186,0.34706825,0.34490278,0.3423228,0.33933723,0.3359567,0.33219308,0.32805976,0.3235713,0.31874356,0.3135934,0.3081386,0.30239806,0.2963912,0.29013813,0.28365955,0.27697656,0.27011052,0.263083,0.25591564,0.24862997,0.24124748,0.23378928,0.22627626,0.21872872,0.21116659,0.203609,0.19607455,0.18858096,0.1811452,0.17378338,0.16651066,0.15934123,0.15228835,0.14536422
0.00979299,0.010733551,0.011738194,0.012808537,0.013945999,0.015151786,0.01642689,0.017772077,0.019187897,0.020674689,0.022232577,0.023861509,0.02556126,0.02733147,0.02917167,0.031081308,0.03305981,0.035106603,0.03722117,0.0394031,0.041652117,0.043968167,0.046351425,0.048802353,0.051321756,0.0539108,0.056571063,0.059304535,0.06211365,0.0650013,0.06797082,0.07102599,0.074171,0.07741043,0.080749206,0.08419255,0.0877459,0.09141487,0.09520512,0.099122345,0.103172086,0.10735969,0.11169022,0.116168275,0.12079795,0.12558268,0.13052519,0.13562731,0.14088997,0.14631304,0.15189527,0.15763423,0.1635262,0.16956623,0.17574792,0.18206355,0.18850401,0.19505881,0.20171604,0.2084625,0.21528366,0.2221637,0.22908568,0.23603153,0.24298215,0.24991749,0.25681683,0.2636586,0.27042073,0.27708077,0.2836159,0.5011399,0.5073563,0.513379,0.5191855,0.5247535,0.31892475,0.3239518,0.3286778,0.33308357,0.33715105,0.34086326,0.34420457,0.3471607,0.3497189,0.35186785,0.3535979,0.35490105,0.35577098,0.3562032,0.35619482,0.35574484,0.35485402,0.35352483,0.35176152,0.34956998,0.3469578,0.34393415,0.34050977,0.33669683,0.33250886,0.3279607,0.32306844,0.3178492,0.3123211,0.30650318,0.30041522,0.29407766,0.28751144,0.28073797,0.27377886,0.26665607,0.25939152,0.252007,0.2445243,0.23696491,0.22934988,0.22169991,0.21403508,0.5441937,0.53655696,0.52896154,0.18360595,0.17614414,0.16877262,0.1615058,0.15435712,0.14733894
0.009018051,0.009890307,0.010823186,0.011818434,0.01287764,0.014002228,0.0151934475,0.016452368,0.017779896,0.01917676,0.020643534,0.022180647,0.023788406,0.02546701,0.02721659,0.029037226,0.030928997,0.032892007,0.034926422,0.037032522,0.039210737,0.041461688,0.04378622,0.046185452,0.04866081,0.05121405,0.05384728,0.056562982,0.059364036,0.062253702,0.06523563,0.06831384,0.07149269,0.07477685,0.07817129,0.081681155,0.085311756,0.08906851,0.09295682,0.09698203,0.10114928,0.10546348,0.10992917,0.11455039,0.11933064,0.12427276,0.12937877,0.13464986,0.14008626,0.14568716,0.15145059,0.15737346,0.16345134,0.16967861,0.17604825,0.18255189,0.18917984,0.19592102,0.20276302,0.20969208,0.21669322,0.2237502,0.23084566,0.23796111,0.58289605,0.58999234,0.59704775,0.26622176,0.27312973,0.27993008,0.28659984,0.2931159,0.51059204,0.5167315,0.5226485,0.52832085,0.53372675,0.32770842,0.33251935,0.33700347,0.3411427,0.34492004,0.34831986,0.3513279,0.3539313,0.3561189,0.35788095,0.3592096,0.36009854,0.3605433,0.36054116,0.36009115,0.35919413,0.35785273,0.35607123,0.35385576,0.35121405,0.34815544,0.3446908,0.34083253,0.3365944,0.33199143,0.3270399,0.32175723,0.31616178,0.3102728,0.3041104,0.29769522,0.2910485,0.2841919,0.27714744,0.26993716,0.2625833,0.25510806,0.24753337,0.23988102,0.23217234,0.22442825,0.21666911,0.5467335,0.5390028,0.53131396,0.1858656,0.17831194,0.17084973,0.16349348,0.15625682,0.14915228
0.0083097,0.009119513,0.009986786,0.010913384,0.011901049,0.012951403,0.014065928,0.01524598,0.016492777,0.017807418,0.019190876,0.020644028,0.022167658,0.023762483,0.025429182,0.02716841,0.02898084,0.030867191,0.032828264,0.034864966,0.03697836,0.039169695,0.041440435,0.043792292,0.046227247,0.048747603,0.05135595,0.054055236,0.05684873,0.05974003,0.06273308,0.0658321,0.069041625,0.07236642,0.07581143,0.079381794,0.08308269,0.08691935,0.09089694,0.09502047,0.09929475,0.10372425,0.10831305,0.11306469,0.11798211,0.12306759,0.12832256,0.1337476,0.1393423,0.14510517,0.1510337,0.15712407,0.16337131,0.16976912,0.17630994,0.18298484,0.18978354,0.19669446,0.2037047,0.21080002,0.21796505,0.22518311,0.23243645,0.23970632,0.5847918,0.5920345,0.599232,0.26854354,0.2755842,0.28251222,0.2893045,0.29593778,0.30238885,0.51977134,0.52578896,0.53155607,0.5370509,0.5422526,0.3360039,0.34055927,0.34476373,0.34860027,0.35205328,0.35510844,0.35775298,0.3599757,0.3617669,0.36311874,0.36402497,0.36448118,0.3644847,0.36403468,0.3631321,0.36177957,0.35998163,0.3577445,0.35507601,0.35198563,0.3484845,0.34458512,0.34030145,0.33564872,0.33064348,0.32530326,0.3196467,0.31369328,0.3074633,0.3009777,0.29425797,0.28732598,0.28020397,0.27291432,0.26547948,0.25792187,0.25026372,0.24252701,0.23473336,0.22690387,0.21905917,0.54903805,0.54122204,0.5334484,0.18791594,0.18027899,0.17273444,0.16529706,0.15798058,0.15079765
0.0076640686,0.008416957,0.009224419,0.010088423,0.011010858,0.011993519,0.013038106,0.014146227,0.015319396,0.016559035,0.017866487,0.019243034,0.020689894,0.02220826,0.023799298,0.025464194,0.027204165,0.029020483,0.030914519,0.032887764,0.034941856,0.037078608,0.039300043,0.041608416,0.044006225,0.046496253,0.049081545,0.051765446,0.05455159,0.057443902,0.06044656,0.06356401,0.0668009,0.07016207,0.07365253,0.07727732,0.08104153,0.08495023,0.089008346,0.09322062,0.097591534,0.10212517,0.10682515,0.11169461,0.116735995,0.12195102,0.1273406,0.13290475,0.13864246,0.14455172,0.15062937,0.15687111,0.16327134,0.16982321,0.17651863,0.18334816,0.19030103,0.19736518,0.20452726,0.21177264,0.21908553,0.22644885,0.23384462,0.24125369,0.5864749,0.5938496,0.6011752,0.2706105,0.27777067,0.28481367,0.29171628,0.29845506,0.30500665,0.3113479,0.52859277,0.5344451,0.54002005,0.5452965,0.550254,0.3437366,0.34799966,0.35188946,0.35539025,0.35848778,0.3611693,0.3634236,0.365241,0.3666137,0.3675355,0.36800206,0.36801073,0.36756077,0.36665323,0.70310974,0.7012971,0.69904065,0.35852936,0.35541067,0.35187688,0.34794077,0.34361643,0.33891922,0.33386588,0.32847425,0.32276303,0.31675202,0.31046164,0.30391306,0.29712802,0.2901286,0.2829373,0.27557662,0.2680694,0.26043814,0.2527053,0.2448932,0.23702353,0.2291177,0.22119649,0.21328007,0.20538782,0.19753835,0.18974946,0.18203801,0.17441985,0.16690992,0.15952206,0.15226902
0.007077218,0.0077783433,0.008531411,0.00933849,0.010201593,0.011122677,0.012103637,0.013146308,0.014252468,0.015423841,0.0166621,0.01796889,0.01934583,0.020794528,0.022316612,0.023913736,0.025587603,0.027340002,0.029172814,0.03108805,0.033087876,0.035174612,0.0373508,0.039619166,0.041982684,0.04444457,0.047008283,0.049677536,0.05245629,0.05534873,0.058359295,0.061492592,0.064753406,0.068146646,0.07167731,0.07535043,0.07917098,0.0831439,0.087273866,0.0915654,0.09602266,0.100649394,0.10544886,0.110423736,0.11557602,0.120907,0.12641706,0.13210571,0.13797143,0.1440117,0.15022284,0.15659997,0.16313703,0.16982672,0.17666039,0.18362816,0.19071881,0.19791986,0.20521756,0.21259691,0.22004172,0.22753474,0.23505749,0.24259067,0.25011396,0.2576063,0.26504588,0.2724103,0.27967677,0.28682202,0.29382268,0.3006552,0.30729616,0.31372225,0.31991062,0.53697544,0.54262143,0.54796404,0.5529831,0.5576592,0.35083753,0.35477448,0.35831764,0.36145276,0.36416703,0.36644927,0.36828992,0.36968115,0.37061682,0.37109262,0.37110597,0.37065622,0.36974445,0.7061924,0.704367,0.70209354,0.36156133,0.35841778,0.35485542,0.35088706,0.34652698,0.34179083,0.33669534,0.3312585,0.32549933,0.3194377,0.3130943,0.30649045,0.29964805,0.29258946,0.28533727,0.27791435,0.27034348,0.26264757,0.2548492,0.24697086,0.23903447,0.23106161,0.2230732,0.21508962,0.20713042,0.19921438,0.19135942,0.18358253,0.17589976,0.1683261,0.16087554,0.153561
0.0065451767,0.007199344,0.007903063,0.008658486,0.009467744,0.010332935,0.0112561295,0.0122393705,0.013284669,0.014394018,0.015569396,0.01681277,0.018126115,0.01951143,0.020970738,0.022506125,0.024119735,0.025813814,0.027590709,0.0294529,0.031403016,0.033443857,0.035578407,0.037809834,0.040141534,0.042577114,0.045120396,0.047775432,0.050546464,0.05343795,0.05645451,0.059600923,0.06288209,0.06630298,0.0698686,0.07358393,0.07745388,0.08148321,0.085676454,0.09003786,0.094571345,0.09928032,0.104167715,0.10923582,0.11448623,0.11991979,0.12553646,0.13133527,0.1373143,0.14347048,0.14979966,0.15629657,0.16295464,0.16976608,0.1767219,0.18381174,0.19102402,0.19834587,0.20576315,0.21326058,0.22082166,0.22842877,0.23606329,0.24370557,0.25133517,0.25893074,0.26647037,0.27393147,0.2812911,0.2885259,0.2956124,0.30252695,0.309246,0.31574625,0.32200468,0.32799882,0.5448435,0.5502439,0.55531657,0.56004214,0.56440246,0.35724372,0.36082378,0.3639916,0.3667344,0.36904103,0.37090194,0.37230936,0.37325716,0.37374112,0.3737587,0.37330928,0.37239403,0.70883477,0.7069985,0.7047106,0.36416054,0.3609958,0.35740897,0.35341305,0.34902242,0.3442528,0.3391212,0.33364567,0.3278454,0.3217404,0.31535155,0.30870032,0.30180877,0.29469943,0.2873951,0.2799187,0.2722933,0.26454195,0.25668743,0.24875228,0.24075867,0.23272833,0.22468233,0.21664117,0.20862459,0.20065145,0.19273984,0.18490687,0.17716867,0.16954038,0.16203608,0.15466878
0.006063993,0.006675654,0.007334694,0.008043341,0.008803827,0.009618382,0.010489229,0.011418595,0.0124087045,0.013461791,0.014580101,0.015765892,0.017021464,0.018349154,0.019751351,0.021230523,0.02278921,0.024430064,0.026155854,0.027969478,0.029873988,0.031872593,0.033968687,0.036165837,0.038467806,0.04087856,0.043402247,0.046043202,0.048805945,0.051695146,0.05471562,0.05787228,0.06117012,0.06461418,0.068209454,0.071960896,0.075873315,0.07995135,0.084199384,0.088621445,0.09322118,0.09800174,0.10296573,0.1081151,0.1134511,0.11897416,0.12468386,0.13057883,0.13665666,0.14291394,0.14934611,0.15594742,0.16271092,0.16962846,0.17669058,0.18388663,0.19120464,0.1986314,0.20615251,0.21375234,0.22141413,0.22912006,0.23685122,0.24458784,0.25230914,0.2599938,0.26761958,0.2751639,0.28260365,0.28991538,0.29707548,0.30406028,0.3108462,0.31740987,0.32372823,0.32977876,0.33553943,0.552126,0.5572443,0.562012,0.56641084,0.57042384,0.36289844,0.36609408,0.3688612,0.3711886,0.37306684,0.37448812,0.37544638,0.3759374,0.37595877,0.3755099,0.37459195,0.37320805,0.37136292,0.36906323,0.36631727,0.36313498,0.35952795,0.3555092,0.35109326,0.34629595,0.3411344,0.3356268,0.32979247,0.3236515,0.31722492,0.3105344,0.30360204,0.29645061,0.28910297,0.28158224,0.27391165,0.26611423,0.25821307,0.2502308,0.24218974,0.2341117,0.2260179,0.21792895,0.2098647,0.20184419,0.19388555,0.18600602,0.17822184,0.1705482,0.1629993,0.1555882
0.0056297705,0.0062030265,0.0068216883,0.0074880524,0.008204438,0.008973189,0.009796669,0.010677265,0.011617392,0.012619498,0.013686064,0.014819614,0.016022729,0.01729805,0.018648295,0.020076264,0.02158486,0.023177093,0.024856104,0.026625168,0.028487705,0.030447304,0.03250771,0.03467285,0.37476566,0.37715274,0.37965736,0.044465248,0.04721889,0.050104283,0.053126406,0.05629031,0.05960106,0.06306374,0.06668335,0.070464805,0.074412845,0.07853199,0.082826436,0.08730006,0.091956265,0.09679795,0.10182745,0.10704638,0.1124557,0.11805547,0.1238449,0.12982228,0.13598485,0.14232877,0.14884914,0.15553984,0.16239354,0.16940176,0.17655472,0.18384138,0.19124952,0.19876562,0.20637502,0.21406186,0.22180909,0.22959872,0.23741162,0.24522787,0.5908454,0.59860504,0.60630333,0.2760986,0.28360546,0.29098153,0.29820314,0.30524656,0.3120882,0.31870458,0.3250727,0.33117,0.3369744,0.34246492,0.55875784,0.56356025,0.5679909,0.5720327,0.57567,0.36775175,0.3705389,0.3728835,0.37477607,0.3762089,0.3771759,0.377673,0.3776977,0.37724957,0.3763298,0.3749415,0.3730896,0.37078074,0.3680233,0.36482728,0.36120433,0.35716763,0.35273173,0.3479126,0.34272742,0.3371945,0.3313332,0.32516384,0.31870744,0.3119858,0.30502123,0.29783645,0.29045457,0.28289875,0.27519235,0.26735854,0.25942048,0.25140092,0.24332228,0.2352065,0.22707488,0.2189481,0.21084616,0.20278813,0.19479229,0.18687591,0.17905533,0.17134582,0.1637616,0.15631585
0.0052387007,0.0057773134,0.00635954,0.006987735,0.0076642972,0.008391668,0.009172333,0.010008823,0.010903721,0.01185966,0.012879332,0.013965495,0.01512098,0.0163487,0.017651655,0.01903295,0.020495797,0.022043532,0.023679622,0.025407674,0.02723144,0.029154837,0.03118193,0.033316948,0.37338313,0.37574735,0.3782331,0.043026414,0.04576991,0.048649788,0.051671162,0.054839183,0.058158997,0.06163571,0.06527434,0.06907976,0.073056616,0.07720934,0.08154199,0.08605825,0.09076135,0.095653936,0.100738086,0.106015176,0.11148581,0.11714981,0.12300604,0.12905245,0.13528597,0.14170243,0.14829658,0.15506198,0.16199102,0.16907486,0.17630346,0.18366551,0.1911485,0.1987387,0.20642115,0.21417983,0.22199748,0.22985594,0.23773593,0.24561736,0.59129816,0.5991188,0.606876,0.2767279,0.28428903,0.29171702,0.2989881,0.30607858,0.3129648,0.3196233,0.32603103,0.3321655,0.33800465,0.34352738,0.34871337,0.56468004,0.56913567,0.57320017,0.57685786,0.58009446,0.37176067,0.3741188,0.37602276,0.3774648,0.37843895,0.37894103,0.37896875,0.37852156,0.37760085,0.3762097,0.37435314,0.3720378,0.36927214,0.36606625,0.3624318,0.35838208,0.3539317,0.34909666,0.3438942,0.33834276,0.3324618,0.32627162,0.31979343,0.31304908,0.3060609,0.29885176,0.29144478,0.28386328,0.27613068,0.26827022,0.26030514,0.25225824,0.24415207,0.2360086,0.22784926,0.21969481,0.21156521,0.20347974,0.19545662,0.18751326,0.179666,0.1719302,0.16432013,0.15684898
0.004887097,0.0053944974,0.0059438837,0.006537661,0.007178293,0.0078683095,0.0086103,0.009406922,0.010260902,0.011175039,0.012152211,0.013195376,0.014307587,0.015491993,0.01675185,0.01809052,0.019511497,0.021018399,0.022614975,0.024305128,0.026092904,0.027982498,0.029978259,0.032084692,0.3721253,0.37446716,0.37693405,0.04171211,0.04444422,0.04731669,0.05033477,0.053503685,0.05682865,0.060314804,0.06396714,0.06779051,0.07178948,0.07596839,0.08033118,0.08488136,0.08962196,0.09455546,0.099683695,0.10500778,0.1105281,0.116244145,0.122154556,0.12825696,0.13454801,0.14102326,0.14767715,0.15450297,0.16149282,0.16863763,0.17592707,0.18334962,0.19089252,0.53636074,0.5441013,0.55191696,0.22197145,0.22988416,0.23781684,0.24574928,0.5914793,0.5993474,0.60715,0.27704555,0.28464827,0.2921158,0.2994245,0.30655056,0.31347033,0.32016042,0.32659775,0.33275986,0.33862475,0.3441713,0.3493792,0.35422927,0.5698401,0.57392114,0.57759374,0.5808436,0.5836581,0.3748895,0.37680185,0.3782508,0.37923044,0.37973654,0.37976688,0.37932098,0.3784002,0.37700778,0.37514862,0.37282956,0.370059,0.36684713,0.3632057,0.3591479,0.3546885,0.34984353,0.34463036,0.3390673,0.33317405,0.3269708,0.3204789,0.3137202,0.3067172,0.29949266,0.29206985,0.28447217,0.276723,0.26884574,0.2608636,0.25279948,0.24467595,0.236515,0.22833818,0.22016624,0.21201922,0.2039164,0.19587608,0.18791567,0.18005157,0.17229916,0.16467276,0.1571856
0.004571414,0.0050507165,0.005570525,0.006133283,0.006741514,0.007397819,0.00810488,0.008865463,0.009682417,0.010558687,0.011497309,0.01250142,0.013574264,0.014719195,0.015939688,0.017239336,0.018621873,0.02009116,0.021651207,0.023306157,0.025060317,0.02691813,0.028884187,0.030963229,0.03316012,0.035479862,0.03792756,0.04050841,0.0432277,0.046090733,0.049102847,0.05226936,0.055595517,0.05908649,0.062747255,0.06658263,0.07059711,0.07479495,0.07917996,0.08375552,0.08852449,0.09348917,0.09865118,0.10401144,0.10957007,0.11532637,0.12127868,0.12742443,0.13375999,0.14028065,0.14698061,0.15385292,0.16088948,0.16808096,0.1754168,0.5207042,0.5282924,0.8738051,0.54377043,0.5516286,0.22172438,0.22967702,0.23764826,0.24561776,0.25356445,0.26146647,0.2693015,0.27704656,0.28467837,0.29217342,0.29950792,0.30665818,0.31360066,0.32031187,0.32676888,0.3329492,0.3388309,0.34439293,0.349615,0.35447794,0.3589637,0.5741921,0.5778741,0.58113235,0.5839544,0.5863289,0.37711006,0.37856364,0.3795471,0.38005623,0.38008887,0.37964454,0.37872466,0.37733245,0.37547296,0.3731529,0.37038085,0.36716694,0.36352295,0.35946217,0.35499933,0.3501505,0.34493303,0.3393654,0.3334671,0.32725862,0.32076117,0.31399664,0.30698755,0.29975674,0.29232746,0.28472313,0.2769672,0.269083,0.26109385,0.2530226,0.24489193,0.23672381,0.22853976,0.22036064,0.21220644,0.20409645,0.19604903,0.18808159,0.18021056,0.17245133,0.16481818,0.15732439
0.0042882697,0.004742287,0.0052354597,0.005770265,0.006349274,0.006975149,0.007650648,0.008378629,0.009162052,0.010003978,0.010907586,0.011876161,0.012913114,0.014021976,0.0152064115,0.016470212,0.017817317,0.019251803,0.020777889,0.022399945,0.024122488,0.025950182,0.027887825,0.029940354,0.03211283,0.034410425,0.036838412,0.03940213,0.04210699,0.0449584,0.047961794,0.05112253,0.054445907,0.057937086,0.061601046,0.06544255,0.069466054,0.07367571,0.07807521,0.08266781,0.08745626,0.09244265,0.09762843,0.103014335,0.10860028,0.11438536,0.12036768,0.12654448,0.13291188,0.13946497,0.14619777,0.1531031,0.16017261,0.16739684,0.17476508,0.52008426,0.5277037,0.87324667,0.5432414,0.55112785,0.2212508,0.22922945,0.23722541,0.24521834,0.25318712,0.26110992,0.6067832,0.61454636,0.62219495,0.29188663,0.29923543,0.3063988,0.31335318,0.3200753,0.32654217,0.33273134,0.33862105,0.34419027,0.3494188,0.3542875,0.35877833,0.36287454,0.5776974,0.5809593,0.58378446,0.58616203,0.58808255,0.37840182,0.3793875,0.37989873,0.37993333,0.37949088,0.37857285,0.37718248,0.3753248,0.37300658,0.3702364,0.3670244,0.36338237,0.35932362,0.35486293,0.3500163,0.3448011,0.3392358,0.33334,0.327134,0.32063913,0.31387734,0.30687097,0.299643,0.2922166,0.2846152,0.2768622,0.26898107,0.26099494,0.2529268,0.24479921,0.23663421,0.22845328,0.22027722,0.21212615,0.20401923,0.19597486,0.18801044,0.18014239,0.17238608,0.16475584,0.15726489
0.004034459,0.0044657183,0.004934897,0.0054445006,0.0059971362,0.006595518,0.007242467,0.007940918,0.008693921,0.009504643,0.010376375,0.011312534,0.01231667,0.013392467,0.014543743,0.01577447,0.017088754,0.018490857,0.01998518,0.021576282,0.023268864,0.025067765,0.026977964,0.029004572,0.031152805,0.033427987,0.035835523,0.038380876,0.041069552,0.043907057,0.046898875,0.050050423,0.053367015,0.056853816,0.06051579,0.064357646,0.06838381,0.0725983,0.077004775,0.081606336,0.08640558,0.09140448,0.09660433,0.10200568,0.10760827,0.11341101,0.11941185,0.12560777,0.13199478,0.13856776,0.14532053,0.15224576,0.15933496,0.16657847,0.17396547,0.5193028,0.5269395,0.5346801,0.2046904,0.21259138,0.22054666,0.22853766,0.23654483,0.24454786,0.2525256,0.26045626,0.6061363,0.6139052,0.6215585,0.29125395,0.29860565,0.30577117,0.3127269,0.31944975,0.32591683,0.33210573,0.33799475,0.34356296,0.34879032,0.35365766,0.35814714,0.362242,0.36592683,0.5803244,0.5831488,0.5855258,0.58744615,0.58890235,0.37875196,0.37926435,0.37930065,0.37886047,0.37794524,0.37655827,0.3747046,0.37239105,0.3696261,0.36641997,0.36278448,0.3587328,0.35427976,0.34944138,0.344235,0.33867908,0.3327931,0.32659745,0.32011336,0.3133627,0.3063679,0.29915187,0.2917377,0.28414878,0.27640852,0.26854032,0.2605673,0.25251245,0.24439816,0.23624653,0.228079,0.21991637,0.21177863,0.20368502,0.19565384,0.18770246,0.17984729,0.1721037,0.16448595,0.15700728
0.0038069647,0.004217723,0.004665268,0.0051521226,0.0056809243,0.0062544267,0.006875504,0.0075471527,0.008272496,0.0090547865,0.0098974155,0.0108039025,0.011777918,0.01282327,0.013943915,0.015143964,0.016427672,0.017799448,0.019263854,0.020825604,0.022489546,0.02426068,0.026144126,0.028145136,0.03026906,0.03252134,0.0349075,0.03743309,0.040103707,0.042924915,0.04590225,0.04904116,0.05234697,0.055824842,0.05947972,0.06331628,0.06733885,0.07155143,0.075957514,0.080560155,0.08536181,0.090364315,0.09556884,0.10097577,0.1065847,0.11239435,0.11840257,0.12460615,0.1310009,0.13758163,0.14434196,0.15127441,0.1583704,0.16562016,0.1730127,0.18053597,0.18817666,0.19592036,0.20375158,0.21165366,0.21960908,0.22759914,0.23560442,0.24360454,0.25157842,0.25950432,0.6051788,0.6129412,0.6205875,0.29027525,0.29761875,0.30477557,0.31172237,0.31843603,0.32489377,0.33107337,0.3369532,0.3425124,0.34773105,0.35259014,0.35707185,0.3611595,0.36483786,0.36809298,0.58204925,0.5844223,0.5863397,0.587794,0.58877945,0.7159743,0.7160119,0.7155744,0.37684408,0.3754621,0.37361464,0.3713085,0.36855224,0.36535594,0.36173138,0.35769185,0.35325205,0.34842795,0.3432369,0.33769724,0.33182847,0.3256509,0.31918573,0.3124547,0.30548024,0.29828516,0.29089254,0.28332564,0.27560785,0.26776248,0.25981256,0.25178102,0.24369027,0.23556226,0.22741841,0.21927944,0.21116525,0.2030951,0.19508716,0.18715881,0.17932642,0.17160524,0.16400957,0.15655254
0.003602965,0.0039952295,0.004423235,0.0048895176,0.0053967354,0.0059476728,0.0065452433,0.0071924934,0.007892607,0.008648905,0.009464855,0.010344069,0.011290309,0.01230749,0.013399678,0.014571098,0.015826128,0.017169308,0.01860532,0.020139001,0.021775337,0.023519441,0.025376564,0.027352061,0.02945139,0.031680096,0.034043785,0.036548086,0.03919865,0.042001095,0.04496099,0.048083805,0.051374868,0.05483932,0.058482077,0.062307768,0.06632069,0.07052472,0.07492332,0.07951941,0.08431535,0.08931286,0.09451296,0.099915944,0.105521254,0.11132749,0.117332324,0.12353246,0.12992357,0.1365003,0.14325619,0.15018368,0.15727401,0.1645174,0.17190278,0.17941795,0.18704966,0.19478342,0.20260371,0.21049394,0.21843646,0.22641276,0.23440334,0.24238792,0.25034547,0.25825435,0.26609227,0.27383655,0.28146422,0.2889519,0.2962763,0.303414,0.31034172,0.31703642,0.32347557,0.32963702,0.33549926,0.3410416,0.3462442,0.35108817,0.35555583,0.3596306,0.36329734,0.3665422,0.36935285,0.58285534,0.58476716,0.58621734,0.5872005,0.9255314,0.7144335,0.71399885,0.37527338,0.37389803,0.372059,0.36976308,0.3670188,0.36383623,0.36022714,0.35620472,0.35178363,0.34697983,0.34181052,0.33629405,0.3304498,0.324298,0.31785974,0.31115678,0.30421135,0.29704615,0.62750316,0.61996776,0.612282,0.26665035,0.2587335,0.25073534,0.24267823,0.23458397,0.22647394,0.21836878,0.21028832,0.20225163,0.19427699,0.18638156,0.17858168,0.17089258,0.16332844,0.1559024
0.0034198363,0.0037953812,0.0042056977,0.004653328,0.0051409435,0.0056713508,0.0062474916,0.006872451,0.0075494586,0.008281889,0.009073272,0.009927288,0.010847776,0.011838733,0.012904316,0.014048843,0.015276787,0.016592786,0.018001629,0.01950825,0.021117741,0.022835307,0.024666294,0.026616147,0.02869041,0.030894695,0.033234674,0.03571604,0.038344476,0.04112564,0.044065118,0.047168385,0.05044076,0.053887367,0.057513084,0.061322503,0.06531985,0.06950893,0.073893145,0.0784753,0.083257675,0.08824187,0.09342881,0.09881867,0.104410775,0.1102036,0.116194725,0.122380726,0.1287572,0.13531867,0.14205858,0.1489693,0.15604202,0.16326687,0.17063273,0.17812744,0.18573765,0.19344892,0.2012457,0.20911145,0.2170286,0.22497861,0.2329421,0.24089888,0.24882801,0.25670788,0.26451644,0.2722311,0.27982894,0.28728682,0.2945815,0.30168977,0.30858847,0.3152548,0.32166627,0.32780093,0.33363742,0.3391552,0.34433454,0.3491567,0.3536042,0.35766053,0.36131057,0.3645407,0.3673387,0.36969388,0.5827339,0.58417815,0.58515745,0.92348695,0.9235267,0.7119587,0.37323898,0.3718718,0.37004337,0.36776045,0.36503145,0.36186653,0.35827732,0.35427696,0.34987998,0.34510237,0.3399612,0.33447468,0.3286622,0.32254377,0.31614038,0.30947372,0.30256596,0.2954396,0.62593645,0.61844176,0.61079764,0.26520827,0.25733426,0.24937935,0.24136579,0.23331533,0.22524917,0.21718782,0.20915107,0.20115788,0.19322635,0.18537363,0.17761593,0.16996843,0.16244519,0.15505931
0.003255155,0.0036155402,0.004009792,0.004440453,0.0049102013,0.005421856,0.0059783794,0.0065828827,0.007238627,0.007949029,0.008717664,0.009548264,0.010444727,0.011411114,0.012451651,0.013570723,0.014772886,0.016062852,0.01744548,0.018925799,0.020508958,0.022200251,0.024005087,0.02592898,0.027977532,0.030156411,0.032471333,0.034928016,0.03753219,0.040289517,0.04320559,0.046285875,0.04953568,0.052960098,0.056563977,0.06035184,0.064327866,0.06849581,0.07285896,0.07742007,0.082181305,0.08714419,0.09230956,0.09767746,0.10324715,0.109017,0.11498449,0.12114611,0.12749738,0.4718516,0.4785644,0.48544708,0.15467179,0.1618664,0.16920093,0.17666319,0.18423985,0.1919165,0.19967765,0.20750678,0.21538639,0.22329807,0.2312225,0.2391396,0.24702857,0.25486794,0.2626358,0.27030966,0.2778668,0.28528425,0.29253894,0.2996078,0.30646792,0.3130966,0.31947154,0.325571,0.33137378,0.33685946,0.34200853,0.34680244,0.35122374,0.35525608,0.35888463,0.36209565,0.3648772,0.3672186,0.36911097,0.58168375,0.5826579,0.58316624,0.58320683,0.5827793,0.3707484,0.36939102,0.36757532,0.36530808,0.36259767,0.35945418,0.35588914,0.3519157,0.34754828,0.34280264,0.33769587,0.33224607,0.32647237,0.32039475,0.31403413,0.30741197,0.30055022,0.2934714,0.624017,0.6165723,0.60897917,0.26344156,0.25562,0.24771811,0.23975794,0.23176113,0.2237487,0.21574105,0.20775783,0.19981788,0.1919392,0.18413879,0.17643277,0.16883619,0.16136308,0.15402639
0.003106696,0.0034532838,0.003832888,0.0042480463,0.004701437,0.0051958826,0.005734358,0.006319988,0.0069560576,0.007646009,0.008393448,0.009202148,0.010076045,0.011019248,0.012036029,0.0131308315,0.014308261,0.015573085,0.016930226,0.01838476,0.019941896,0.02160698,0.023385467,0.025282921,0.027304979,0.029457342,0.031745758,0.03417596,0.03675368,0.039484594,0.042374283,0.045428198,0.04865162,0.05204961,0.055626962,0.05938817,0.06333732,0.06747812,0.07181379,0.07634699,0.081079826,0.08601373,0.091149434,0.09648692,0.10202536,0.10776306,0.11369739,0.11982479,0.12614073,0.47045845,0.4771336,0.48397726,0.15316181,0.16031495,0.16760679,0.17502509,0.18255664,0.19018702,0.19790085,0.20568167,0.21351211,0.22137381,0.22924763,0.23711361,0.24495108,0.2527388,0.2604549,0.26807722,0.27558312,0.2829499,0.2901546,0.29717442,0.3039866,0.31056866,0.31689855,0.3229546,0.32871595,0.33416227,0.33927426,0.34403354,0.3484228,0.35242593,0.3560281,0.35921592,0.36197728,0.36430183,0.3661807,0.36760667,0.579711,0.5802163,0.58025736,0.57983404,0.57894766,0.3664648,0.36466393,0.36241505,0.35972646,0.35660815,0.3530716,0.3491298,0.3447971,0.3400892,0.335023,0.32961637,0.32388848,0.31785908,0.31154886,0.30497912,0.29817173,0.29114893,0.2839333,0.27654755,0.26901448,0.26135683,0.25359717,0.24575782,0.23786066,0.22992712,0.2219781,0.21403384,0.2061138,0.19823667,0.19042034,0.18268166,0.17503664,0.16750015,0.1600862,0.15280755
0.0029724275,0.003306401,0.003672587,0.004073512,0.0045118476,0.0049904156,0.005512191,0.0060803066,0.0066980566,0.0073688985,0.008096458,0.00888453,0.009737078,0.010658241,0.0116523225,0.012723801,0.013877315,0.015117673,0.016449833,0.017878905,0.019410139,0.021048903,0.02280069,0.36248994,0.3644846,0.36660925,0.031050771,0.03345263,0.036001697,0.038703624,0.04156398,0.04458819,0.0477815,0.051148925,0.05469522,0.058424804,0.062341735,0.066449635,0.070751645,0.07525037,0.07994783,0.08484539,0.08994371,0.095242694,0.10074144,0.10643818,0.11233027,0.11841408,0.124685004,0.4689563,0.47558355,0.48237795,0.15151168,0.15861262,0.16585083,0.17321421,0.18068953,0.18826248,0.19591777,0.20363906,0.21140906,0.21920964,0.22702174,0.23482558,0.24260071,0.25032595,0.25797978,0.26554015,0.27298465,0.2802908,0.28743592,0.29439735,0.3011526,0.30767938,0.31395587,0.31996068,0.32567304,0.33107296,0.3361413,0.34085977,0.34521142,0.34918013,0.35275134,0.3559118,0.3586495,0.36095417,0.3628171,0.36423108,0.3651907,0.5768291,0.57687056,0.5764518,0.57557404,0.57424074,0.36132005,0.696911,0.69424736,0.6911579,0.3498351,0.3459296,0.34163678,0.33697215,0.33195245,0.32659552,0.32092017,0.3149461,0.30869374,0.30218425,0.29543927,0.28848088,0.28133136,0.2740133,0.2665493,0.25896183,0.2512733,0.24350578,0.235681,0.22782016,0.21994402,0.21207254,0.20422508,0.19642015,0.18867543,0.18100767,0.17343268,0.16596529,0.15861924,0.1514073
0.0028505053,0.0031728863,0.0035267125,0.003914496,0.004338895,0.004802723,0.005308949,0.005860704,0.0064612813,0.007114143,0.007822922,0.008591424,0.009423625,0.010323675,0.0112959,0.012344792,0.013475012,0.0146913845,0.015998887,0.017402647,0.018907929,0.020520125,0.022244725,0.69972503,0.70169127,0.70378697,0.030380014,0.032751642,0.035269838,0.037940226,0.040768348,0.04375959,0.046919152,0.050252013,0.05376286,0.05745607,0.061335616,0.06540508,0.06966752,0.074125476,0.0787809,0.083635084,0.088688634,0.09394139,0.09939239,0.10503983,0.110880986,0.116912246,0.123128965,0.1295255,0.13609518,0.1428303,0.14972205,0.15676051,0.16393474,0.17123264,0.17864111,0.18614598,0.19373198,0.201383,0.20908186,0.21681058,0.22455032,0.23228145,0.23998371,0.24763623,0.25521758,0.262706,0.2700794,0.2773154,0.28439164,0.29128566,0.2979753,0.30443847,0.31065357,0.3165995,0.32225567,0.3276024,0.33262062,0.3372925,0.34160098,0.34553036,0.3490662,0.35219523,0.35490584,0.35718778,0.35903236,0.36043262,0.3613831,0.36188018,0.57305866,0.5726447,0.5717767,0.5704577,0.5686927,0.69317037,0.6905347,0.68747765,0.34619156,0.34232688,0.3380789,0.33346295,0.32849562,0.32319453,0.31757835,0.31166655,0.30547935,0.29903767,0.29236296,0.28547704,0.61622083,0.60897905,0.6015927,0.25626543,0.24865696,0.24097033,0.23322701,0.22544804,0.21765389,0.20986438,0.20209862,0.19437498,0.1867109,0.17912295,0.17162687,0.16423722,0.15696767,0.14983082
0.0027392665,0.00305093,0.0033933027,0.0037688755,0.0041802903,0.0046303445,0.0051219943,0.005658359,0.0062427246,0.006878548,0.0075694555,0.008319252,0.009131915,0.010011593,0.010962616,0.011989477,0.013096845,0.014289541,0.01557255,0.016951,0.018430153,0.020015394,0.02171222,0.6991639,0.7011007,0.703166,0.029727885,0.032067385,0.0345525,0.03718884,0.039981883,0.04293698,0.046059284,0.049353708,0.05282489,0.056477137,0.06031438,0.0643401,0.06855732,0.07296851,0.07757555,0.082379684,0.08738144,0.09258062,0.097976215,0.10356639,0.109348394,0.11531859,0.1214723,0.12780392,0.13430683,0.14097328,0.14779454,0.1547608,0.1618611,0.16908354,0.17641507,0.18384162,0.19134815,0.19891863,0.2065361,0.21418275,0.22183992,0.22948822,0.23710765,0.24467751,0.2521767,0.25958365,0.26687652,0.27403325,0.2810317,0.28784972,0.2944654,0.30085692,0.30700296,0.31288266,0.31847575,0.32376266,0.32872477,0.33334422,0.33760437,0.34148964,0.34498575,0.34807968,0.35075986,0.35301626,0.35484028,0.35622507,0.35716516,0.3576571,0.35769886,0.568427,0.5675695,0.56626624,0.56452215,0.9001626,0.6864211,0.68339986,0.34215432,0.33833486,0.33413655,0.3295745,0.32466516,0.319426,0.31387535,0.30803248,0.3019175,0.29555094,0.28895408,0.28214845,0.6129748,0.60581744,0.59851724,0.25327748,0.24575774,0.23816076,0.2305077,0.22281945,0.21511617,0.20741749,0.19974229,0.19210868,0.18453397,0.17703451,0.1696258,0.1623223,0.15513752,0.1480839
0.00263722,0.002938912,0.0032705998,0.0036347518,0.004033986,0.004471079,0.004948967,0.005470752,0.006039702,0.0066592586,0.0073330365,0.008064825,0.00885859,0.009718471,0.010648784,0.011654015,0.012738816,0.013908005,0.015166549,0.016519561,0.017972292,0.019530103,0.021198474,0.36080182,0.36270803,0.36474165,0.02908952,0.031394996,0.03384487,0.036444686,0.03919989,0.042115767,0.045197412,0.048449684,0.051877156,0.055484075,0.059274286,0.063251235,0.06741786,0.07177658,0.07632921,0.08107693,0.08602024,0.09115888,0.09649182,0.102017194,0.10773224,0.11363327,0.1197157,0.1259739,0.13240126,0.13899012,0.1457318,0.15261656,0.15963358,0.16677102,0.17401598,0.18135457,0.18877189,0.1962521,0.20377842,0.21133326,0.21889816,0.22645406,0.23398109,0.24145892,0.24886662,0.25618297,0.26338637,0.2704551,0.27736726,0.28410104,0.29063478,0.29694703,0.30301666,0.30882317,0.3143465,0.6573863,0.6622863,0.666848,0.3332359,0.3370725,0.34052473,0.3435799,0.34622654,0.34845468,0.350256,0.3516236,0.35255218,0.3530383,0.35308,0.35267705,0.5629678,0.5616816,0.5599603,0.5578101,0.5552393,0.34112042,0.33773813,0.33396807,0.32982403,0.32532096,0.32047507,0.31530353,0.30982456,0.30405715,0.2980211,0.29173675,0.28522503,0.2785073,0.6094239,0.6023589,0.595153,0.25000897,0.24258626,0.23508729,0.227533,0.21994399,0.21234012,0.20474076,0.19716464,0.18962954,0.18215255,0.17474991,0.1674368,0.16022755,0.1531355,0.1461729
0.0025430373,0.0028353878,0.0031570396,0.0035104335,0.0038981603,0.0043229694,0.004787772,0.005295644,0.0058498303,0.0064537483,0.0071109883,0.007825319,0.008600682,0.009441195,0.010351152,0.011335014,0.012397414,0.013543139,0.014777132,0.016104482,0.0175304,0.019060228,0.020699399,0.022453435,0.024327919,0.026328472,0.02846074,0.030730333,0.033142827,0.035703734,0.03841842,0.04129212,0.044329852,0.047536418,0.05091632,0.054473735,0.05821245,0.06213584,0.06624677,0.07054762,0.075040124,0.079725444,0.084604,0.08967554,0.09493897,0.10039241,0.10603311,0.1118574,0.1178607,0.12403739,0.13038097,0.1368838,0.14353728,0.15033181,0.15725665,0.1643001,0.17144944,0.1786909,0.18600981,0.19339049,0.20081642,0.20827022,0.2157337,0.22318806,0.23061368,0.23799047,0.2452979,0.252515,0.25962046,0.26659283,0.27341065,0.28005236,0.28649658,0.29272223,0.29870847,0.30443507,0.30988234,0.65285015,0.99550134,1.0,0.6663298,0.3322945,0.33569902,0.33871192,0.34132197,0.34351942,0.3452959,0.3466447,0.34756076,0.34804043,0.34808195,0.34768504,0.34685123,0.5567203,0.55502355,0.5529041,0.55036974,0.54743,0.3329589,0.3292423,0.32515696,0.3207177,0.3159404,0.3108421,0.3054407,0.29975492,0.2938043,0.2876089,0.28118932,0.27456662,0.26776204,0.260797,0.25369304,0.24647157,0.23915389,0.23176105,0.22431368,0.21683201,0.20933573,0.20184392,0.19437496,0.18694647,0.17957531,0.17227736,0.16506775,0.1579605,0.1509688,0.1441047
0.002455543,0.0027390802,0.0030512388,0.003394427,0.0037712047,0.00418429,0.0046365615,0.005131064,0.0056710117,0.0062597906,0.00690096,0.0075982553,0.008355587,0.00917704,0.010066875,0.011029521,0.012069571,0.013191776,0.014401045,0.015702419,0.017101074,0.018602299,0.020211486,0.021934105,0.023775686,0.025741795,0.027838014,0.030069899,0.032442965,0.034962643,0.037634242,0.040462922,0.04345364,0.046611115,0.04993978,0.053443745,0.057126734,0.060992036,0.06504247,0.06928035,0.073707364,0.078324616,0.08313252,0.08813075,0.09331822,0.09869305,0.10425247,0.109992854,0.11590963,0.12199726,0.12824926,0.13465813,0.14121534,0.14791137,0.15473567,0.16167668,0.16872181,0.17585754,0.18306936,0.19034182,0.19765863,0.2050027,0.21235608,0.21970022,0.22701587,0.23428322,0.241482,0.24859162,0.2555911,0.26245934,0.26917514,0.27571732,0.28206488,0.288197,0.29409322,0.29973364,0.3050988,0.6479889,0.9905672,0.9949979,0.6612651,0.32717255,0.33052564,0.333493,0.33606365,0.33822793,0.33997765,0.34130618,0.34220856,0.34268126,0.34272248,0.34233198,0.34151125,0.3402633,0.54972965,0.547643,0.5451478,0.5422534,0.5389705,0.32417437,0.32015198,0.31578112,0.31107742,0.30605763,0.30073938,0.29514116,0.28928214,0.2831821,0.27686137,0.27034062,0.26364076,0.25678298,0.24978833,0.24267803,0.23547299,0.22819391,0.22086115,0.21349466,0.20611377,0.19873726,0.19138326,0.18406913,0.1768114,0.16962579,0.16252713,0.15552929,0.14864518,0.14188674
0.0023737035,0.0026488674,0.0029519824,0.003285421,0.0036517084,0.0040535256,0.004493716,0.0049752863,0.0055014133,0.0060754446,0.006700901,0.007381476,0.0081210425,0.008923641,0.009793491,0.0107349735,0.01175264,0.012851192,0.014035486,0.015310512,0.016681395,0.01815337,0.019731758,0.021421978,0.023229493,0.025159804,0.027218422,0.02941083,0.03174248,0.034218714,0.03684477,0.039625738,0.04256649,0.04567167,0.048945643,0.052392438,0.056015696,0.059818666,0.06380409,0.06797422,0.072330706,0.0768746,0.081606284,0.0865254,0.09163089,0.09692083,0.10239249,0.10804225,0.11386561,0.11985707,0.12601024,0.1323177,0.13877104,0.14536087,0.15207681,0.15890741,0.16584033,0.17286222,0.17995878,0.18711483,0.19431438,0.20154051,0.5465945,0.5538204,0.56101793,0.23034903,0.23743135,0.24442577,0.25131172,0.2580684,0.264675,0.27111065,0.27735478,0.28338683,0.2891868,0.294735,0.30001244,0.30500072,0.6475011,0.6518592,0.65587825,0.32172462,0.32502273,0.32794145,0.33046997,0.33259878,0.3343199,0.3356268,0.33651456,0.33697972,0.33702055,0.33663678,0.3358299,0.33460292,0.33296043,0.54204535,0.5395918,0.53674567,0.5335175,0.529919,0.31482685,0.31052873,0.3059033,0.30096704,0.2957373,0.2902322,0.28447068,0.2784721,0.2722565,0.2658442,0.25925583,0.25251207,0.24563375,0.23864172,0.23155652,0.22439852,0.21718775,0.20994376,0.20268564,0.19543183,0.18820015,0.18100765,0.17387064,0.16680455,0.15982395,0.1529425,0.14617288,0.13952684
0.0022966163,0.0025637706,0.0028582115,0.0031822743,0.0035384442,0.0039293626,0.004357831,0.004826815,0.005339446,0.0058990293,0.0065090377,0.00717312,0.007895097,0.008678964,0.009528884,0.010449186,0.011444364,0.012519064,0.013678082,0.014926348,0.01626892,0.01771096,0.019257735,0.020914579,0.022686886,0.024580078,0.026599592,0.02875083,0.031039156,0.03346984,0.036048032,0.038778733,0.041666746,0.04471662,0.047932647,0.05131877,0.054878574,0.05861523,0.06253143,0.06662933,0.07091058,0.075376175,0.08002646,0.084861085,0.08987895,0.09507816,0.100456014,0.10600892,0.111732416,0.11762112,0.12366867,0.12986779,0.13621019,0.14268662,0.14928687,0.15599968,0.16281286,0.16971335,0.17668706,0.1837191,0.19079368,0.19789425,0.5428223,0.54992235,0.5569944,0.22620061,0.23315911,0.24003112,0.24679643,0.2534346,0.25992522,0.26624784,0.27238214,0.27830806,0.28400588,0.28945634,0.2946407,0.299541,0.30413988,0.30842105,0.31236905,0.3159696,0.31920943,0.32207656,0.3245604,0.32665166,0.32834244,0.32962635,0.33049858,0.33095568,0.330996,0.33061934,0.32982707,0.3286222,0.32700917,0.32499412,0.53372127,0.53092605,0.5277557,0.5242216,0.5203369,0.30497888,0.30043617,0.29558814,0.29045188,0.2850452,0.27938667,0.27349535,0.26739085,0.26109314,0.25462246,0.24799925,0.2412439,0.2343768,0.22741823,0.2203882,0.21330626,0.20619175,0.19906333,0.19193916,0.18483672,0.17777276,0.1707633,0.1638235,0.15696767,0.15020919,0.14356054,0.1370333
0.0022235014,0.0024829432,0.0027690118,0.0030840004,0.0034303532,0.0038106665,0.004227697,0.004684363,0.005183748,0.0057291044,0.006323857,0.0069715977,0.0076760934,0.008441279,0.00927126,0.010170304,0.011142839,0.012193446,0.01332685,0.014547911,0.015861612,0.017273042,0.018787384,0.020409897,0.022145886,0.024000693,0.025979662,0.028088113,0.030331317,0.03271446,0.0352426,0.037920646,0.04075331,0.043745063,0.046900105,0.05022231,0.053715188,0.057381827,0.06122486,0.06524642,0.06944806,0.07383077,0.07839487,0.08313998,0.08806501,0.09316809,0.09844652,0.10389679,0.109514475,0.11529426,0.12122993,0.12731428,0.13353918,0.13989556,0.1463733,0.15296143,0.15964797,0.16642004,0.17326385,0.18016477,0.18710728,0.19407517,0.53887033,0.54583734,0.5527769,0.22185132,0.22867917,0.23542207,0.24206014,0.24857336,0.25494173,0.2611452,0.26716375,0.27297783,0.27856806,0.2839155,0.28900185,0.29380944,0.29832137,0.3025215,0.3063948,0.3099271,0.31310558,0.31591848,0.31835532,0.320407,0.32206583,0.3233255,0.32418132,0.32462996,0.3246697,0.3243004,0.32352346,0.3223417,0.32075965,0.31878316,0.3164197,0.5248148,0.5217049,0.51823854,0.51442814,0.5102876,0.29469493,0.28993958,0.2849015,0.27959815,0.2740477,0.26826897,0.26228115,0.2561038,0.24975681,0.24326017,0.23663391,0.22989805,0.22307244,0.21617672,0.20923014,0.20225157,0.19525938,0.18827134,0.18130462,0.17437565,0.16750014,0.16069296,0.15396813,0.1473388,0.14081722,0.13441469
0.0021536879,0.002405659,0.0026835983,0.0029897562,0.0033265303,0.0036964703,0.004102283,0.0045468356,0.005033159,0.005564451,0.0061440757,0.006775568,0.007462631,0.008209138,0.009019122,0.009896788,0.010846488,0.011872729,0.012980159,0.01417356,0.01545783,0.016837977,0.01831909,0.019906346,0.021604955,0.023420168,0.025357233,0.027421378,0.029617773,0.03195151,0.03442755,0.03705071,0.039825603,0.04275663,0.045847878,0.04910316,0.05252589,0.0561191,0.059885357,0.06382673,0.06794475,0.07224035,0.07671383,0.081364825,0.08619222,0.09119418,0.09636804,0.10171033,0.1072167,0.11288196,0.118699946,0.12466362,0.13076499,0.13699512,0.14334415,0.14980127,0.15635476,0.16299194,0.16969933,0.17646258,0.18326648,0.19009514,0.1969319,0.2037595,0.21056004,0.21731515,0.22400609,0.23061359,0.23711832,0.24350066,0.24974093,0.25581953,0.26171696,0.26741388,0.27289146,0.2781311,0.28311488,0.28782547,0.29224628,0.29636165,0.30015674,0.30361775,0.30673203,0.30948812,0.31187576,0.31388602,0.31551138,0.31674573,0.3175843,0.31802404,0.31806314,0.31770155,0.3169405,0.3157829,0.31423312,0.31229696,0.30998164,0.30729574,0.5153861,0.51199025,0.5082574,0.5042011,0.4998359,0.2840405,0.27910498,0.27390954,0.26847205,0.26281092,0.25694492,0.25089324,0.2446754,0.23831092,0.2318195,0.22522067,0.21853393,0.2117785,0.20497327,0.19813667,0.19128674,0.1844409,0.1776159,0.17082793,0.16409229,0.1574236,0.15083557,0.14434113,0.13795224,0.13167997
0.0020866056,0.0023313006,0.0026013064,0.0028988263,0.0032262097,0.0035859568,0.0039807204,0.0044133137,0.0048867096,0.0054040453,0.005968624,0.006583914,0.0072535523,0.0079813395,0.008771241,0.009627376,0.010554024,0.011555612,0.012636701,0.013801985,0.015056274,0.016404482,0.01785161,0.019402726,0.021062953,0.022837438,0.024731325,0.026749743,0.028897759,0.03118036,0.03360241,0.03616863,0.03888353,0.04175141,0.04477629,0.047961876,0.05131152,0.054828163,0.058514327,0.06237202,0.06640274,0.07060737,0.0749862,0.07953884,0.08426421,0.089160495,0.094225064,0.099454515,0.10484457,0.11039012,0.11608515,0.12192273,0.12789504,0.13399333,0.14020792,0.14652823,0.15294276,0.15943915,0.16600417,0.17262377,0.17928304,0.18596646,0.19265771,0.19933991,0.20599553,0.21260662,0.21915479,0.22562125,0.23198704,0.238233,0.24433987,0.25028846,0.25605965,0.26163465,0.2669949,0.27212226,0.27699926,0.28160888,0.28593493,0.28996205,0.2936757,0.2970625,0.30010995,0.3028069,0.30514336,0.30711052,0.30870107,0.30990896,0.31072968,0.31116006,0.31119847,0.31084478,0.3101003,0.30896777,0.3074515,0.3055572,0.3032919,0.30066404,0.29768336,0.50549763,0.5018453,0.4978766,0.49360564,0.48904765,0.27308178,0.2679985,0.26267835,0.25713938,0.25139996,0.24547893,0.23939528,0.23316814,0.22681679,0.22036041,0.21381795,0.20720832,0.20054995,0.19386087,0.18715876,0.18046065,0.17378294,0.16714145,0.16055116,0.15402637,0.14758053,0.14122623,0.13497522,0.1288383
0.0020217744,0.0022593506,0.0025215778,0.002810612,0.003128752,0.0034784442,0.0038622865,0.0042830324,0.0047435947,0.005247046,0.0057966225,0.006395724,0.007047913,0.0077569154,0.008526616,0.009361057,0.010264429,0.011241071,0.012295453,0.013432178,0.014655958,0.015971607,0.017384026,0.018898183,0.02051909,0.022251792,0.024101324,0.026072705,0.0281709,0.030400783,0.032767113,0.03527451,0.037927385,0.040729932,0.04368608,0.04679946,0.05007333,0.053510573,0.057113633,0.06088448,0.06482453,0.06893468,0.073215194,0.07766567,0.4201039,0.4248904,0.42984137,0.097134724,0.10240392,0.107825086,0.11339236,0.119098954,0.12493719,0.13089854,0.1369735,0.14315176,0.14942205,0.15577227,0.1621895,0.16865996,0.17516918,0.1817019,0.18824221,0.19477358,0.20127891,0.20774065,0.21414079,0.22046104,0.22668281,0.23278739,0.23875597,0.24456981,0.25021026,0.2556589,0.2608976,0.26590872,0.27067503,0.2751801,0.27940795,0.28334364,0.286973,0.2902829,0.2932612,0.29589692,0.2981803,0.30010283,0.3016573,0.30283782,0.30363998,0.30406067,0.30409834,0.3037528,0.30302542,0.3019188,0.3004372,0.29858616,0.2963726,0.29380473,0.29089206,0.2876454,0.49521327,0.49133506,0.48716155,0.48270753,0.47798866,0.26188457,0.25668582,0.25127319,0.24566473,0.23987877,0.2339339,0.22784883,0.22164239,0.21533327,0.2089401,0.20248125,0.19597477,0.18943831,0.18288909,0.17634377,0.16981843,0.16332842,0.1568885,0.15051256,0.14421377,0.13800444,0.13189602,0.1258991
0.0019587963,0.0021893785,0.0024439509,0.0027246191,0.0030336296,0.0033733726,0.0037463885,0.0041553685,0.00460316,0.0050927703,0.0056273635,0.0062102647,0.0068449606,0.0075350963,0.008284473,0.009097044,0.009976913,0.0109283235,0.011955651,0.013063395,0.014256171,0.015538684,0.016915731,0.018392168,0.019972898,0.021662848,0.023466952,0.025390107,0.027437165,0.029612897,0.03192194,0.034368813,0.036957823,0.03969306,0.04257837,0.04561727,0.04881296,0.052168243,0.055685494,0.05936663,0.063213035,0.06722556,0.07140446,0.07574934,0.418078,0.42275098,0.4275846,0.0947567,0.099900946,0.10519355,0.110628754,0.11619996,0.12189965,0.12771945,0.13365014,0.13968161,0.14580287,0.15200211,0.15826668,0.16458316,0.17093742,0.17731455,0.18369901,0.19007468,0.19642487,0.20273244,0.20897983,0.21514918,0.22122237,0.22718109,0.23300706,0.2386819,0.24418749,0.24950577,0.25461915,0.25951034,0.2641626,0.26855975,0.27268642,0.27652788,0.28007033,0.2833009,0.28620788,0.2887805,0.29100922,0.2928857,0.29440296,0.29555523,0.29633826,0.29674897,0.2967858,0.29644868,0.29573885,0.2946589,0.29321304,0.2914065,0.28924623,0.28674012,0.28389752,0.28072894,0.27724588,0.48459768,0.48052457,0.4761777,0.4715723,0.46672437,0.25051385,0.24523142,0.23975782,0.23411097,0.22830904,0.2223703,0.21631306,0.21015565,0.20391622,0.19761266,0.19126262,0.18488333,0.17849159,0.17210366,0.16573521,0.15940127,0.15311617,0.14689355,0.1407462,0.13468617,0.12872463,0.122871906
0.0018973439,0.0021210327,0.0023680488,0.002640446,0.0029404156,0.0032702908,0.0036325501,0.004029822,0.0044648857,0.004940678,0.005460288,0.0060269646,0.006644113,0.007315294,0.008044219,0.008834752,0.009690901,0.010616811,0.011616756,0.012695134,0.013856448,0.0151053,0.016446367,0.017884394,0.01942417,0.021070508,0.022828216,0.024702078,0.026696831,0.02881712,0.031067487,0.033452317,0.03597583,0.038641997,0.041454572,0.044416994,0.04753236,0.050803408,0.05423245,0.057821337,0.06157143,0.06548355,0.06955791,0.07379416,0.41601008,0.42056626,0.4252791,0.09232646,0.09734214,0.102502465,0.107801795,0.11323369,0.11879084,0.12446506,0.13024734,0.13612784,0.14209583,0.14813979,0.1542474,0.16040558,0.16660051,0.17281769,0.17904197,0.18525761,0.19144838,0.19759753,0.20368798,0.20970228,0.21562281,0.2214317,0.22711115,0.23264323,0.23801027,0.24319473,0.24817939,0.25294742,0.25748253,0.261769,0.2657917,0.26953638,0.27298957,0.27613878,0.27897254,0.2814803,0.28365287,0.2854821,0.28696114,0.28808445,0.28884777,0.28924817,0.28928417,0.28895563,0.2882638,0.28721124,0.28580192,0.28404114,0.28193545,0.27949274,0.276722,0.2736335,0.27023852,0.26654926,0.47371584,0.4694788,0.46498984,0.4602645,0.45531896,0.23903327,0.23369801,0.22819388,0.2225386,0.21674995,0.21084584,0.20484407,0.19876231,0.19261809,0.18642853,0.18021049,0.1739803,0.16775382,0.16154632,0.15537244,0.14924623,0.14318088,0.13718891,0.13128203,0.12547117,0.11976638
0.0018371545,0.0020540312,0.0022935704,0.0025577717,0.002848771,0.0031688414,0.0035203986,0.003906004,0.004328368,0.004790353,0.005294972,0.0058453935,0.0064449366,0.0070970743,0.007805428,0.008573766,0.009405996,0.010306161,0.011278431,0.012327093,0.01345654,0.014671257,0.015975807,0.01737482,0.018872956,0.02047491,0.022185372,0.024009004,0.025950419,0.028014144,0.030204602,0.03252607,0.03498264,0.037578207,0.0403164,0.043200575,0.046233743,0.04941857,0.0527573,0.05625173,0.059903186,0.06371245,0.06767974,0.07180469,0.07608626,0.080522776,0.085111804,0.08985026,0.094734214,0.099759005,0.10491914,0.11020832,0.11561943,0.121144526,0.12677482,0.13250066,0.13831168,0.14419663,0.1501435,0.15613958,0.1621714,0.16822481,0.1742851,0.18033695,0.18636452,0.19235153,0.19828135,0.20413701,0.2099013,0.21555692,0.22108643,0.22647244,0.23169775,0.23674528,0.24159826,0.24624033,0.25065562,0.25482875,0.25874513,0.26239085,0.2657528,0.26881874,0.27157757,0.27401903,0.27613422,0.2779151,0.27935505,0.28044868,0.28119183,0.28158173,0.28161687,0.28129712,0.28062367,0.27959904,0.2782271,0.276513,0.27446315,0.27208522,0.26938796,0.26638132,0.2630763,0.25948483,0.25561988,0.4626319,0.45826197,0.4536618,0.44884738,0.44383493,0.22750428,0.22214606,0.21664064,0.21100543,0.20525779,0.19941507,0.19349453,0.18751313,0.18148762,0.17543438,0.1693693,0.16330785,0.15726486,0.15125462,0.14529076,0.13938615,0.13355298,0.12780267,0.12214581,0.11659221
0.0017780212,0.0019881534,0.0022202807,0.0024763488,0.002758435,0.0030687517,0.0034096492,0.003783622,0.004193307,0.0046414915,0.0051311087,0.0056652436,0.0062471293,0.0068801465,0.007567822,0.008313825,0.009121961,0.009996168,0.010940507,0.0119591495,0.013056377,0.014236554,0.015504124,0.016863592,0.0183195,0.019876415,0.021538898,0.02331149,0.02519868,0.027204871,0.029334368,0.031591326,0.033979736,0.03650337,0.039165772,0.041970186,0.044919554,0.048016455,0.05126307,0.054661147,0.05821197,0.061916288,0.065774314,0.06978568,0.07394938,0.07826377,0.0827265,0.08733452,0.09208404,0.096970506,0.101988584,0.10713214,0.112394236,0.11776715,0.123242326,0.12881042,0.13446128,0.14018402,0.14596692,0.15179764,0.15766306,0.16354947,0.16944252,0.1753273,0.18118848,0.18701018,0.19277622,0.19847009,0.20407511,0.20957442,0.21495107,0.22018823,0.22526906,0.230177,0.23489578,0.23940946,0.2437026,0.2477603,0.25156835,0.25511315,0.25838205,0.26136318,0.26404566,0.2664196,0.2684762,0.27020782,0.27160797,0.27267134,0.273394,0.2737731,0.27380735,0.2734965,0.27284175,0.27184558,0.27051172,0.26884517,0.26685223,0.26454026,0.2619178,0.25899455,0.25578117,0.25228932,0.24853154,0.24452119,0.45140913,0.44693664,0.4422557,0.43738225,0.4323324,0.21598598,0.54845214,0.54297316,0.53738487,0.19388533,0.18812895,0.18231341,0.17645499,0.17056961,0.16467272,0.15877932,0.15290391,0.14706036,0.14126186,0.135521,0.12984958,0.12425872,0.11875873,0.11335913
0.0017197857,0.0019232315,0.0021480029,0.0023959908,0.0026692136,0.0029698205,0.0033000968,0.0036624651,0.004059491,0.004493882,0.004968491,0.0054863165,0.0060505015,0.0066643343,0.0073312446,0.0080547985,0.008838697,0.00968677,0.010602964,0.011591339,0.012656052,0.013801349,0.015031555,0.016351042,0.017764227,0.019275552,0.020889448,0.022610325,0.024442548,0.0263904,0.028458055,0.030649554,0.03296877,0.03541937,0.038004786,0.04072818,0.043592405,0.04659995,0.04975295,0.05305309,0.0565016,0.06009923,0.06384616,0.06774204,0.07178589,0.075976096,0.08031038,0.08478578,0.0893986,0.09414441,0.09901803,0.10401351,0.10912411,0.1143423,0.11965978,0.12506747,0.13055554,0.13611336,0.14172961,0.14739223,0.15308854,0.1588052,0.16452828,0.17024332,0.17593537,0.18158908,0.18718868,0.19271822,0.19816142,0.20350192,0.20872332,0.2138092,0.21874328,0.22350945,0.22809187,0.23247513,0.23664418,0.24058463,0.2442826,0.24772495,0.25089937,0.25379434,0.25639927,0.25870457,0.26070175,0.2623833,0.26374298,0.26477566,0.26547745,0.26584566,0.26587895,0.26557714,0.26494136,0.2639741,0.26267886,0.26106063,0.25912535,0.25688034,0.25433385,0.25149524,0.24837494,0.24498421,0.24133523,0.23744102,0.23331523,0.44010895,0.4355636,0.43083128,0.42592767,0.42086887,0.54235315,0.53703284,0.5316064,0.18827134,0.18268164,0.1770345,0.17134573,0.16563073,0.15990458,0.15418184,0.14847657,0.1428022,0.1371716,0.13159697,0.12608978,0.1206608,0.11532005,0.1100768
0.0016623321,0.0018591426,0.002076609,0.0023165657,0.0025809708,0.0028719103,0.0031916017,0.003542397,0.0039267857,0.004347396,0.0048069977,0.005308502,0.005854961,0.0064495658,0.007095646,0.007796667,0.00855622,0.0093780225,0.010265908,0.011223818,0.01225579,0.013365943,0.014558474,0.015837634,0.017207706,0.018672999,0.02023782,0.021906447,0.02368311,0.025571968,0.027577072,0.029702345,0.031951535,0.034328215,0.036835697,0.03947705,0.04225504,0.04517209,0.048230253,0.051431168,0.05477603,0.058265544,0.061899908,0.06567877,0.06960115,0.07366551,0.077869624,0.08221063,0.08668491,0.091288194,0.09601543,0.10086085,0.10581791,0.110879324,0.116037026,0.121282205,0.12660532,0.13199607,0.13744345,0.14293581,0.1484608,0.15400551,0.49737534,0.5029184,0.5084391,0.17610382,0.1815349,0.18689796,0.19217728,0.19735698,0.20242114,0.20735385,0.21213931,0.21676189,0.22120626,0.22545746,0.22950093,0.2333226,0.23690917,0.24024776,0.24332651,0.24613422,0.24866065,0.2508965,0.2528335,0.25446436,0.25578308,0.25678465,0.2574653,0.25782245,0.25785476,0.2575621,0.25694555,0.25600746,0.25475135,0.25318196,0.25130516,0.24912791,0.24665828,0.24390537,0.24087921,0.2375908,0.23405197,0.23027529,0.226274,0.22206204,0.42879066,0.4242011,0.41944548,0.41453934,0.7473173,0.53102076,0.52575815,0.18258952,0.1771685,0.17169179,0.1661747,0.16063218,0.15507883,0.1495288,0.1439957,0.13849258,0.13303192,0.12762551,0.12228452,0.11701938,0.111839816,0.1067548
0.0016055802,0.0017958045,0.0020060146,0.0022379872,0.0024936209,0.0027749361,0.0030840826,0.0034233397,0.0037951202,0.004201973,0.004646582,0.0051317695,0.005660495,0.006235852,0.0068610697,0.0075395047,0.008274642,0.009070085,0.00992955,0.010856859,0.011855924,0.012930742,0.014085379,0.015323955,0.016650623,0.018069562,0.01958494,0.021200908,0.022921566,0.024750942,0.02669296,0.028751424,0.030929964,0.033232033,0.03566085,0.03821939,0.04091032,0.04373599,0.04669838,0.049799085,0.053039256,0.056419577,0.059940245,0.06360088,0.067400575,0.07133782,0.07541044,0.07961567,0.083950005,0.0884093,0.09298867,0.097682506,0.102484494,0.10738754,0.112383865,0.1174649,0.12262141,0.12784342,0.13312027,0.13844067,0.14379267,0.14916374,0.49235967,0.49772912,0.5030769,0.17056979,0.17583069,0.18102568,0.18613954,0.19115688,0.1960623,0.20084037,0.20547579,0.20995344,0.21425845,0.21837635,0.22229297,0.22599483,0.22946888,0.2327028,0.23568499,0.23840465,0.2408518,0.24301751,0.24489377,0.2464735,0.24775083,0.24872099,0.24938032,0.24972631,0.24975762,0.24947418,0.24887703,0.24796842,0.2467518,0.24523169,0.24341384,0.24130493,0.23891285,0.23624639,0.23331529,0.23013017,0.22670247,0.22304435,0.21916871,0.21508904,0.21081926,0.41751066,0.41290432,0.40815225,0.40326968,0.39827198,0.18203774,0.17685598,0.1716052,0.16630046,0.1609566,0.15558812,0.15020917,0.14483343,0.13947406,0.13414375,0.12885456,0.12361792,0.11844464,0.11334484,0.10832791,0.10340258
0.0015494803,0.0017331671,0.0019361696,0.0021602085,0.0024071191,0.002678858,0.0029775056,0.003305268,0.0036644808,0.0040576113,0.004487258,0.0049561528,0.0054671606,0.006023277,0.0066276276,0.0072834636,0.007994157,0.008763199,0.009594186,0.010490817,0.011456881,0.012496247,0.013612851,0.014810681,0.01609376,0.01746613,0.018931825,0.020494862,0.022159211,0.02392877,0.02580734,0.02779859,0.029906042,0.03213303,0.034482677,0.036957853,0.039561138,0.042294804,0.045160774,0.04816058,0.051295333,0.054565698,0.057971843,0.06151343,0.06518956,0.06899877,0.07293897,0.07700745,0.08120085,0.085515134,0.089945585,0.09448678,0.09913258,0.10387616,0.108709954,0.113625705,0.11861443,0.12366653,0.12877166,0.13391893,0.13909674,0.14429297,0.48731384,0.49250847,0.49768218,0.16500208,0.17009166,0.17511745,0.18006475,0.18491867,0.18966429,0.19428669,0.19877109,0.20310284,0.2072676,0.21125127,0.21504031,0.2186215,0.22198236,0.22511087,0.22799587,0.23062687,0.23299427,0.2350894,0.23690447,0.23843275,0.23966849,0.24060704,0.24124488,0.24157958,0.24160992,0.24133573,0.2407581,0.23987916,0.23870224,0.2372317,0.23547317,0.23343308,0.23111902,0.22853956,0.22570409,0.22262287,0.21930698,0.21576822,0.21201903,0.20807241,0.20394196,0.19964154,0.40632233,0.40172526,0.39700195,0.39216727,0.38723612,0.17108662,0.16600713,0.16087544,0.1557059,0.15051256,0.14530908,0.14010869,0.13492417,0.12976775,0.12465109,0.11958528,0.11458076,0.10964732,0.10479406,0.100029394
0.0014940086,0.0016712083,0.001867056,0.0020832138,0.0023214559,0.0025836737,0.0028718768,0.0031881987,0.0035348972,0.0039143567,0.00432909,0.0047817375,0.0052750693,0.0058119823,0.006395497,0.0070287576,0.007715025,0.008457671,0.009260176,0.010126116,0.011059154,0.01206303,0.013141549,0.014298566,0.015537969,0.016863665,0.018279558,0.019789528,0.02139741,0.023106972,0.024921883,0.026845695,0.028881814,0.031033458,0.033303645,0.035695136,0.038210433,0.040851735,0.043620892,0.046519384,0.049548283,0.3905271,0.39381826,0.39724028,0.06297347,0.06665411,0.07046131,0.07439247,0.07844433,0.08261299,0.086893894,0.091281794,0.09577076,0.100354195,0.105024785,0.10977455,0.11459483,0.11947631,0.12440905,0.12938246,0.13438535,0.13940606,0.14443232,0.14945146,0.15445034,0.15941547,0.16433305,0.169189,0.17396909,0.17865893,0.18324414,0.18771029,0.1920431,0.1962284,0.20025234,0.20410134,0.20776224,0.21122237,0.21446955,0.2174923,0.22027972,0.22282173,0.22510912,0.2271334,0.22888707,0.23036367,0.23155761,0.23246446,0.23308073,0.23340413,0.23343349,0.2331686,0.23261052,0.23176132,0.23062421,0.2292035,0.22750446,0.22553341,0.22329772,0.22080554,0.218066,0.21508907,0.2118854,0.2084664,0.20484407,0.20103104,0.19704033,0.19288546,0.18858024,0.39527553,0.39071205,0.38604102,0.38127673,0.37643367,0.16038927,0.15543124,0.15043665,0.14541908,0.47821054,0.47318617,0.46817705,0.12537627,0.12043277,0.115538396,0.11070324,0.10593675,0.10124773,0.0966443
0.0014391622,0.0016099293,0.001798679,0.0020070153,0.0022366506,0.00248941,0.002767235,0.0030721838,0.003406436,0.0037722937,0.004172183,0.0046086535,0.0050843786,0.005602155,0.0061649005,0.0067756493,0.0074375505,0.00815386,0.0089279385,0.009763237,0.010663291,0.011631715,0.01267218,0.013788408,0.014984152,0.016263185,0.017629275,0.019086165,0.020637559,0.022287093,0.024038311,0.02589464,0.027859358,0.029935585,0.032126214,0.034433935,0.036861144,0.03940996,0.042082176,0.044879217,0.047802113,0.38867036,0.39184636,0.39514866,0.06075757,0.06430943,0.06798345,0.071777076,0.07568719,0.07971001,0.08384113,0.08807551,0.09240742,0.09683047,0.10133763,0.10592118,0.11057278,0.1152834,0.12004348,0.12484279,0.12967059,0.13451552,0.1393658,0.14420922,0.14903307,0.15382433,0.1585697,0.16325557,0.16786827,0.17239386,0.17681846,0.18112817,0.18530919,0.1893479,0.19323087,0.19694503,0.20047767,0.20381658,0.20694998,0.2098668,0.2125566,0.21500956,0.21721677,0.21917012,0.22086237,0.22228721,0.22343934,0.2243144,0.22490908,0.22522119,0.22524953,0.22499393,0.22445543,0.22363605,0.2225388,0.22116789,0.21952844,0.2176265,0.21546915,0.21306439,0.2104209,0.20754832,0.20445697,0.20115785,0.19766253,0.19398317,0.19013238,0.18612316,0.18196888,0.17768312,0.38441643,0.3799091,0.37531188,0.37063858,0.36590302,0.14998204,0.14516255,0.14032088,0.4732886,0.46844035,0.46360686,0.120980754,0.11621056,0.11148777,0.10682213,0.10222275,0.09769812,0.093256086
0.0013849551,0.0015493493,0.0017310638,0.0019316454,0.0021527447,0.340215,0.3404825,0.34077618,0.003279193,0.0036315378,0.004016674,0.0044370615,0.0048952773,0.0053940183,0.005936097,0.00652444,0.0071620825,0.007852165,0.008597926,0.009402694,0.01026988,0.011202966,0.012205491,0.013281045,0.014433248,0.015665732,0.016982133,0.018386059,0.019881083,0.021470705,0.023158344,0.0249473,0.026840745,0.02884166,0.030952862,0.03317692,0.035516158,0.037972618,0.040548015,0.043243725,0.046060745,0.38681853,0.3898795,0.3930622,0.058547005,0.061970238,0.06551121,0.069167465,0.072935976,0.076813124,0.080794655,0.08487568,0.089050695,0.09331357,0.09765747,0.102075,0.10655809,0.111098096,0.11568574,0.12031118,0.12496404,0.12963344,0.134308,0.1389759,0.14362495,0.14824256,0.15281595,0.15733202,0.16177751,0.16613908,0.17040329,0.17455679,0.17858624,0.18247853,0.18622074,0.18980025,0.19320482,0.53424156,0.5372613,0.5400724,0.2048458,0.20720984,0.20933703,0.21121953,0.21285045,0.21422367,0.215334,0.21617731,0.21675049,0.21705128,0.2170786,0.21683228,0.21631332,0.21552365,0.21446624,0.21314506,0.21156506,0.20973215,0.20765308,0.20533551,0.20278794,0.20001957,0.19704035,0.19386089,0.19049238,0.18694647,0.18323538,0.17937161,0.17536801,0.17123772,0.16699398,0.37378696,0.36935648,0.3648527,0.36028892,0.3556783,0.13989682,0.13523078,0.46837446,0.4637021,0.45904395,0.11659221,0.11199506,0.10744359,0.10294719,0.09851465,0.09415415,0.08987325
0.0013314154,0.001489502,0.0016642525,0.0018571548,0.0020697983,0.34012276,0.34038004,0.3406625,0.0031532866,0.0034922261,0.0038627253,0.00426715,0.0047079837,0.005187822,0.005709374,0.006275457,0.0068889936,0.0075530084,0.00827062,0.009045032,0.0098795295,0.010777465,0.011742247,0.012777332,0.013886204,0.015072361,0.016339304,0.017690504,0.019129403,0.02065937,0.0222837,0.024005564,0.025828011,0.02775393,0.02978601,0.031926733,0.034178335,0.03654278,0.03902172,0.041616477,0.04432801,0.047156896,0.050103262,0.053166814,0.056346778,0.059641864,0.06305027,0.06656964,0.070197076,0.07392907,0.07776154,0.081689775,0.085708484,0.08981174,0.093993,0.098245114,0.10256034,0.10693032,0.11134617,0.115798384,0.120277,0.12477151,0.12927097,0.13376403,0.13823892,0.1426836,0.14708564,0.15143251,0.15571147,0.15990962,0.1640141,0.16801196,0.17189044,0.17563689,0.17923887,0.18268426,0.18596125,0.52687734,0.529784,0.5324898,0.19716601,0.19944143,0.20148893,0.20330091,0.2048707,0.20619242,0.20726116,0.20807289,0.20862459,0.2089141,0.2089404,0.20870335,0.20820385,0.20744379,0.20642602,0.20515439,0.20363364,0.20186943,0.1998683,0.19763763,0.19518556,0.19252098,0.18965346,0.18659319,0.18335095,0.179938,0.17636602,0.17264709,0.1687936,0.16481815,0.16073349,0.15655252,0.36342493,0.35909,0.35469732,0.3502595,0.345789,0.13016108,0.1256612,0.12116397,0.11668046,0.11222126,0.10779645,0.103415616,0.09908778,0.094821416,0.090624385,0.08650397
0.0012785811,0.001430433,0.0015982975,0.0017836053,0.0019878845,0.34003162,0.34027883,0.3405502,0.00302885,0.0033545145,0.0037105135,0.004099123,0.004522731,0.0049838335,0.0054850345,0.006029045,0.0066186753,0.0072568315,0.0079465145,0.008690807,0.009492863,0.01035591,0.011283224,0.01227813,0.013343976,0.014484128,0.015701948,0.017000781,0.01838393,0.019854635,0.02141606,0.023071265,0.024823174,0.02667456,0.028628014,0.030685924,0.032850437,0.03512343,0.037506502,0.040000927,0.042607617,0.045327123,0.048159584,0.051104702,0.05416172,0.05732943,0.060606066,0.06398939,0.06747659,0.071064316,0.07474862,0.07852499,0.08238833,0.08633294,0.09035254,0.09444026,0.09858863,0.10278965,0.10703473,0.11131478,0.115620196,0.1199409,0.12426635,0.12858564,0.13288747,0.13716021,0.14139201,0.14557076,0.14968419,0.15371995,0.15766564,0.16150886,0.16523731,0.1688388,0.17230146,0.17561354,0.17876376,0.51956004,0.52235425,0.52495533,0.189535,0.19172241,0.19369067,0.19543254,0.1969416,0.1982122,0.1992396,0.20001994,0.20055027,0.2008286,0.20085387,0.20062602,0.20014586,0.1994152,0.19843686,0.19721444,0.19575255,0.19405662,0.19213295,0.18998861,0.18763143,0.18506996,0.18231344,0.17937161,0.17625487,0.17297399,0.16954026,0.16596527,0.16226092,0.15843931,0.15451275,0.15049358,0.14639425,0.3533639,0.3491412,0.34487516,0.34057766,0.33626035,0.12079782,0.11647465,0.11216467,0.107878044,0.103624485,0.0994132,0.095252864,0.09115161,0.08711702,0.08315607
0.0012264984,0.0013721957,0.0015332614,0.0017110695,0.0019070869,0.0021228779,0.002360105,0.002620533,0.00290603,0.0032185686,0.0035602292,0.003933197,0.0043397644,0.0047823293,0.0052633933,0.005785558,0.0063515236,0.0069640814,0.007626112,0.008340576,0.009110505,0.0099389935,0.010829193,0.011784292,0.012807508,0.013902073,0.015071215,0.016318146,0.017646039,0.019058004,0.02055708,0.022146199,0.023828177,0.025605673,0.027481178,0.029456971,0.03153513,0.03371745,0.036005467,0.0384004,0.04090313,0.043514177,0.04623368,0.049061347,0.051996466,0.055037845,0.058183827,0.061432235,0.06478038,0.068225026,0.071762405,0.075388186,0.07909746,0.08288476,0.086744055,0.09066874,0.09465166,0.09868512,0.10276089,0.106870234,0.11100391,0.11515227,0.11930517,0.123452164,0.12758239,0.13168468,0.13574766,0.13975967,0.14370902,0.14758375,0.15137202,0.1550619,0.15864158,0.1620994,0.50324273,0.50642264,0.5094472,0.17448696,0.17716967,0.1796669,0.18196976,0.18406989,0.1859596,0.18763198,0.18908082,0.1903007,0.19128712,0.19203632,0.1925455,0.19281273,0.19283701,0.19261825,0.19215724,0.19145578,0.19051647,0.18934286,0.1879393,0.18631107,0.18446417,0.18240544,0.18014234,0.17768314,0.17503662,0.17221221,0.16921985,0.16606995,0.16277327,0.15934096,0.15578447,0.1521154,0.14834554,0.14448681,0.1405511,0.13655028,0.34363294,0.33953714,0.33541116,0.3312662,0.3271131,0.11182571,0.107687764,0.103572235,0.09948845,0.095445246,0.09145097,0.08751341,0.08363985,0.079837
0.0011752183,0.0013148488,0.0014692118,0.0016396247,0.0018274947,0.0020343212,0.0022616992,0.0025113204,0.0027849772,0.0030845618,0.003412068,0.0037695928,0.004159335,0.0045835935,0.0050447676,0.005545353,0.0060879393,0.006675205,0.0073099104,0.007994895,0.0087330695,0.0095274,0.010380909,0.011296653,0.01227772,0.013327208,0.014448216,0.01564382,0.016917063,0.018270932,0.01970834,0.021232095,0.022844898,0.024549302,0.02634769,0.028242258,0.030234985,0.0323276,0.034521576,0.036818076,0.039217945,0.041721687,0.04432943,0.047040895,0.0498554,0.052771803,0.055788506,0.05890343,0.06211398,0.06541708,0.06880909,0.072285876,0.075842716,0.079474375,0.08317507,0.086938456,0.09075769,0.094625376,0.09853363,0.10247408,0.10643786,0.11041569,0.114397906,0.11837444,0.12233488,0.12626855,0.1301645,0.1340116,0.13779859,0.14151403,0.14514658,0.14868475,0.15211727,0.15543292,0.49643958,0.49948877,0.50238895,0.16731119,0.1698836,0.17227818,0.17448635,0.17650013,0.17831215,0.17991576,0.18130502,0.18247476,0.18342063,0.18413901,0.18462726,0.18488352,0.18490681,0.18469705,0.18425502,0.18358238,0.18268171,0.18155636,0.18021053,0.17864926,0.17687833,0.17490424,0.17273422,0.17037614,0.16783847,0.16513021,0.16226092,0.15924053,0.15607943,0.15278828,0.14937803,0.14585985,0.14224504,0.13854499,0.13477112,0.13093483,0.12704742,0.33425686,0.33030057,0.32632604,0.32234374,0.3183638,0.103259236,0.09931295,0.095397115,0.09152019,0.08769016,0.08391453,0.08020027,0.076553814
0.0011247954,0.001258455,0.0014062203,0.0015693529,0.0017492004,0.0019471996,0.0021648768,0.0024038544,0.002665847,0.002952668,0.0032662272,0.0036085334,0.0039816913,0.004387905,0.004829472,0.0053087818,0.0058283154,0.0063906386,0.006998397,0.0076543074,0.008361159,0.009121793,0.009939104,0.010816022,0.011755502,0.0127605125,0.013834021,0.014978974,0.016198285,0.017494816,0.018871356,0.020330599,0.021875126,0.023507379,0.025229651,0.027044034,0.028952433,0.030956492,0.03305763,0.03525696,0.037555292,0.0399531,0.042450514,0.045047265,0.047742695,0.050535712,0.05342479,0.056407925,0.059482653,0.06264601,0.06589452,0.06922421,0.07263056,0.07610857,0.07965269,0.08325685,0.08691449,0.09061853,0.09436141,0.09813512,0.101931185,0.1057407,0.1095544,0.11336267,0.11715551,0.12092271,0.124653794,0.1283381,0.1319648,0.13552302,0.13900183,0.14239027,0.1456775,0.14885284,0.48972458,0.49264473,0.49542218,0.16022837,0.16269192,0.16498515,0.16709985,0.16902839,0.17076373,0.17229947,0.17362992,0.17475016,0.17565598,0.17634398,0.17681156,0.17705697,0.17707929,0.1768784,0.17645508,0.17581095,0.1749484,0.17387068,0.17258184,0.17108665,0.16939068,0.16750015,0.165422,0.16316375,0.16073349,0.1581399,0.15539205,0.15249954,0.14947227,0.14632043,0.14305453,0.13968529,0.13622351,0.13268009,0.12906598,0.12539208,0.12166923,0.11790815,0.3252561,0.32144982,0.3176361,0.31382465,0.31002486,0.09510883,0.09135875,0.08764594,0.08397805,0.08036225,0.07680523,0.073313124
0.001075286,0.0012030783,0.0013443594,0.0015003365,0.0016722984,0.0018616191,0.0020697594,0.0022982701,0.0025487924,0.0028230606,0.0031229018,0.0034502367,0.0038070807,0.0041955397,0.004617813,0.0050761867,0.0055730348,0.0061108093,0.006692042,0.0073193344,0.00799535,0.008722811,0.009504485,0.0103431735,0.011241704,0.012202918,0.013229649,0.014324722,0.015490919,0.016730981,0.018047573,0.019443272,0.02092055,0.022481741,0.024129035,0.025864437,0.027689762,0.029606597,0.03161628,0.033719894,0.035918195,0.03821165,0.040600374,0.043084122,0.04566225,0.048333723,0.051097073,0.0539504,0.05689132,0.05991701,0.06302415,0.06620893,0.069467045,0.07279369,0.07618357,0.07963088,0.08312933,0.08667216,0.090252146,0.09386161,0.09749245,0.10113616,0.10478388,0.10842637,0.11205413,0.115657374,0.11922604,0.12274996,0.12621883,0.12962216,0.13294952,0.13619046,0.1393346,0.14237171,0.1452917,0.14808473,0.15074123,0.15325205,0.15560834,0.15780175,0.1598244,0.16166897,0.16332877,0.16479765,0.16607021,0.16714166,0.16800804,0.16866611,0.16911332,0.16934806,0.1693694,0.16917726,0.16877238,0.16815628,0.1673313,0.1663005,0.16506778,0.1636377,0.16201556,0.16020736,0.1582197,0.15605976,0.15373531,0.15125464,0.14862645,0.14585987,0.14296436,0.13994977,0.13682607,0.13360353,0.13029246,0.12690331,0.12344657,0.11993263,0.116371885,0.112774536,0.10915067,0.31664687,0.31299922,0.30935374,0.30571935,0.30210468,0.08738108,0.08382992,0.08032172,0.076863356,0.0734612,0.07012114
0.0010267458,0.001148782,0.0012837015,0.0014326574,0.0015968808,0.0017776848,0.0019764644,0.0021947015,0.002433964,0.0026959085,0.002982281,0.0032949164,0.0036357397,0.004006763,0.004410088,0.0048478986,0.005322462,0.005836122,0.006391297,0.0069904723,0.007636194,0.008331061,0.009077718,0.009878839,0.0107371295,0.011655302,0.0126360655,0.013682114,0.014796113,0.015980672,0.017238341,0.018571584,0.019982757,0.021474097,0.02304769,0.024705457,0.026449125,0.02828021,0.030199999,0.03220951,0.034309484,0.036500357,0.03878224,0.04115489,0.043617714,0.046169695,0.04880945,0.051535152,0.05434454,0.057234902,0.060203064,0.0632454,0.066357784,0.06953564,0.072773896,0.076067,0.079408966,0.082793325,0.08621318,0.08966119,0.09312961,0.09661033,0.10009488,0.10357443,0.10703991,0.11048195,0.113890976,0.11725727,0.12057093,0.12382202,0.12700053,0.13009648,0.13309996,0.1360012,0.13879053,0.1414586,0.14399628,0.14639476,0.14864562,0.1507409,0.15267307,0.15443513,0.15602066,0.15742382,0.15863943,0.15966296,0.16049059,0.16111921,0.16154642,0.16177066,0.16179104,0.1616075,0.16122074,0.16063221,0.15984415,0.15885948,0.1576819,0.15631582,0.15476626,0.15303896,0.15114023,0.14907695,0.14685652,0.14448683,0.14197624,0.13933343,0.1365675,0.1336878,0.13070388,0.12762551,0.1244626,0.1212251,0.117923014,0.11456631,0.11116488,0.10772851,0.104266785,0.10078912,0.30844143,0.30495906,0.30148733,0.29803437,0.29460806,0.080079,0.07672778,0.07342415,0.07017422,0.06698361
0.0009792298,0.0010956285,0.0012243168,0.0013663949,0.0015230379,0.0016954977,0.0018851063,0.002093277,0.0023215055,0.0025713732,0.0028445455,0.0031427736,0.0034678935,0.0038218265,0.0042065764,0.004624228,0.0050769434,0.0055669607,0.0060965866,0.0066681923,0.0072842063,0.007947111,0.008659425,0.009423706,0.010242532,0.011118489,0.012054166,0.013052131,0.014114927,0.015245045,0.016444918,0.017716894,0.019063227,0.020486042,0.021987338,0.023568941,0.025232503,0.026979469,0.028811065,0.030728268,0.032731775,0.034822013,0.036999077,0.03926274,0.04161243,0.044047195,0.0465657,0.0491662,0.051846538,0.05460413,0.05743596,0.060338546,0.06330796,0.06633985,0.069429345,0.07257119,0.07575964,0.07898853,0.08225129,0.085540906,0.08885,0.09217082,0.09549529,0.09881499,0.102121264,0.105405174,0.108657606,0.11186923,0.11503066,0.11813238,0.12116488,0.12411858,0.12698409,0.12975204,0.13241322,0.13495871,0.13737981,0.13966809,0.14181554,0.14381453,0.14565793,0.14733905,0.14885172,0.15019041,0.15135019,0.15232669,0.1531163,0.15371601,0.15412362,0.15433754,0.154357,0.15418191,0.15381292,0.15325142,0.15249957,0.15156014,0.15043668,0.14913337,0.14765501,0.14600708,0.1441956,0.14222711,0.1401087,0.1378479,0.13545266,0.13293129,0.13029246,0.12754506,0.12469826,0.12176133,0.118743755,0.11565502,0.11250465,0.10930218,0.10605705,0.10277856,0.099475905,0.096158035,0.09283368,0.3006481,0.29733586,0.29404154,0.29077268,0.2875363,0.07320227,0.07005044,0.06694983,0.06390583
0.0009327905,0.0010436769,0.0011662724,0.0013016252,0.0014508546,0.0016151541,0.0017957926,0.0019941172,0.002211553,0.002449607,0.002709866,0.0029939988,0.0033037555,0.0036409665,0.0040075416,0.0044054664,0.0048368033,0.005303683,0.0058083045,0.006352928,0.0069398675,0.0075714868,0.008250189,0.00897841,0.009758605,0.01059324,0.01148478,0.012435676,0.013448346,0.0145251695,0.01566846,0.016880458,0.018163309,0.019519038,0.02094955,0.022456588,0.024041722,0.02570633,0.027451582,0.0292784,0.031187467,0.033179168,0.035253607,0.03741057,0.039649498,0.041969486,0.04436927,0.046847183,0.04940118,0.052028786,0.054727126,0.057492882,0.060322333,0.063211285,0.06615515,0.06914888,0.07218703,0.07526372,0.07837266,0.08150719,0.08466029,0.08782456,0.09099231,0.09415551,0.09730591,0.10043501,0.1035341,0.106594324,0.10960672,0.112562194,0.11545171,0.11826619,0.12099657,0.123634025,0.12616976,0.12859523,0.13090217,0.13308258,0.13512878,0.13703355,0.13879001,0.14039186,0.14183323,0.14310881,0.14421389,0.14514437,0.14589673,0.14646819,0.14685658,0.14706042,0.14707895,0.14691213,0.14656053,0.14602552,0.1453091,0.14441398,0.1433435,0.14210162,0.14069298,0.13912275,0.13739668,0.13552101,0.13350248,0.13134827,0.12906598,0.1266635,0.124149084,0.12153123,0.11881864,0.1160202,0.113144904,0.1102018,0.10719999,0.104148515,0.10105639,0.09793249,0.09478555,0.09162412,0.08845651,0.08529079,0.2932715,0.29013252,0.2870178,0.283934,0.2808875,0.06674751,0.0637931,0.060892627
0.00088747736,0.0009929835,0.0011096314,0.0012384189,0.001380411,0.0015367437,0.0017086247,0.0018973355,0.002104233,0.0023307512,0.0025784003,0.0028487684,0.0031435215,0.0034644008,0.0038132244,0.004191883,0.0046023377,0.0050466177,0.005526815,0.0060450803,0.0066036177,0.0072046737,0.007850541,0.0085435305,0.009285985,0.010080247,0.010928667,0.011833573,0.012797269,0.013822018,0.014910024,0.016063418,0.017284237,0.018574419,0.019935764,0.02136994,0.022878438,0.024462571,0.02612345,0.027861955,0.029678727,0.031574145,0.033548303,0.03560099,0.037731685,0.03993953,0.042223297,0.04458143,0.04701196,0.049512543,0.052080438,0.054712497,0.057405166,0.060154457,0.06295601,0.06580502,0.06869629,0.07162424,0.07458288,0.07756588,0.08056655,0.08357784,0.086592436,0.08960272,0.092600815,0.09557863,0.09852789,0.10144017,0.104306914,0.10711952,0.10986932,0.11254772,0.11514613,0.11765605,0.120069176,0.122377396,0.1245728,0.12664779,0.12859505,0.13040772,0.13207927,0.13360368,0.13497536,0.13618927,0.13724092,0.13812639,0.13884239,0.1393862,0.13975582,0.13994981,0.13996746,0.13980868,0.1394741,0.13896497,0.1382832,0.13743134,0.1364126,0.1352308,0.13389026,0.13239595,0.13075334,0.12896836,0.12704742,0.124997385,0.12282544,0.12053913,0.11814629,0.11565502,0.11307359,0.11041046,0.10767418,0.10487338,0.1020167,0.09911278,0.09617016,0.0931973,0.09020252,0.08719395,0.084179506,0.081166856,0.078163385,0.286313,0.28334883,0.28041416,0.27751496,0.27465695,0.06070861,0.057948373
0.0008433359,0.00094359927,0.0010544516,0.0011768411,0.0013117803,0.0014603487,0.0016236944,0.0018030354,0.0019996613,0.0022149354,0.0024502927,0.0027072432,0.00298737,0.0032923287,0.0036238467,0.003983721,0.004373817,0.004796062,0.0052524456,0.0057450114,0.006275854,0.006847111,0.0074609574,0.008119594,0.008825244,0.009580139,0.010386508,0.011246566,0.012162502,0.013136467,0.014170555,0.015266795,0.016427122,0.017653374,0.018947268,0.020310383,0.021744141,0.023249788,0.024828376,0.026480751,0.028207513,0.030009022,0.031885374,0.03383637,0.035861503,0.03795996,0.04013059,0.04237189,0.044682007,0.047058705,0.04949938,0.05200104,0.0545603,0.057173394,0.059836145,0.062544,0.06529202,0.06807491,0.07088697,0.07372218,0.07657418,0.07943627,0.08230151,0.08516265,0.088012196,0.09084248,0.09364562,0.0964136,0.099138305,0.10181155,0.10442511,0.10697081,0.10944046,0.111826025,0.11411959,0.116313435,0.11840006,0.12037224,0.12222303,0.12394588,0.12553461,0.12698346,0.12828718,0.12944095,0.13044049,0.13128209,0.13196263,0.1324795,0.13283078,0.13301519,0.13303195,0.13288105,0.13256304,0.13207912,0.13143113,0.1306215,0.12965326,0.12853,0.12725589,0.12583563,0.12427439,0.12257787,0.120752126,0.118803665,0.11673933,0.11456631,0.11229204,0.109924205,0.1074707,0.10493953,0.102338836,0.09967682,0.09696169,0.094201654,0.09140485,0.0885793,0.085732915,0.08287342,0.08000834,0.077144966,0.07429033,0.07145116,0.27977067,0.27698138,0.27422586,0.27150947,0.26883724,0.055076983
0.0008004074,0.0008955709,0.0010007854,0.0011169508,0.0012450287,0.0013860436,0.001541085,0.0017113098,0.0018979419,0.0021022751,0.0023256727,0.0025695667,0.002835461,0.003124927,0.0034396045,0.0037811995,0.0041514826,0.004552283,0.0049854903,0.005453044,0.0059569324,0.006499186,0.007081867,0.007707067,0.008376896,0.009093472,0.009858908,0.010675312,0.011544759,0.012469293,0.013450901,0.014491504,0.015592945,0.016756969,0.0179852,0.019279145,0.020640144,0.022069387,0.023567874,0.025136398,0.026775539,0.028485637,0.03026678,0.03211877,0.034041148,0.036033127,0.038093615,0.040221192,0.042414088,0.044670187,0.04698702,0.049361736,0.051791135,0.054271635,0.056799266,0.059369717,0.061978307,0.06461998,0.067289345,0.06998069,0.07268796,0.07540482,0.07812467,0.08084062,0.083545566,0.08623223,0.088893116,0.09152064,0.09410708,0.09664467,0.09912561,0.101542115,0.10388644,0.106150955,0.10832813,0.110410646,0.11239138,0.114263475,0.11602034,0.11765576,0.11916387,0.12053922,0.12177676,0.12287199,0.12382081,0.1246197,0.12526569,0.12575634,0.12608981,0.12626483,0.12628075,0.12613751,0.12583563,0.12537628,0.12476118,0.12399263,0.123073526,0.12200727,0.120797835,0.11944963,0.117967635,0.11635721,0.11462411,0.112774536,0.110814966,0.10875223,0.10659337,0.1043457,0.1020167,0.09961399,0.09714528,0.09461835,0.092041016,0.08942105,0.08676617,0.08408402,0.08138208,0.07866771,0.07594803,0.07322996,0.07052019,0.0678251,0.06515081,0.27363986,0.27102417,0.26844564,0.26590902,0.2634187
0.00075872825,0.00084893935,0.0009486789,0.0010588001,0.0011802145,0.0013138935,0.0014608699,0.0016222406,0.0017991661,0.0019928731,0.0022046533,0.0024358658,0.0026879355,0.002962352,0.0032606707,0.0035845088,0.0039355443,0.004315513,0.004726206,0.0051694605,0.0056471643,0.0061612385,0.006713642,0.007306358,0.007941383,0.008620729,0.009346398,0.010120388,0.010944668,0.011821171,0.012751787,0.013738334,0.014782561,0.015886119,0.017050553,0.018277284,0.01956759,0.020922597,0.022343252,0.023830306,0.025384309,0.027005585,0.028694214,0.030450016,0.032272544,0.03416106,0.036114533,0.038131602,0.040210597,0.04234952,0.044546016,0.046797395,0.04910061,0.051452268,0.05384862,0.056285564,0.05875866,0.06126312,0.06379384,0.06634539,0.068912044,0.0714878,0.07406636,0.076641254,0.0792057,0.08175281,0.084275484,0.086766526,0.089218624,0.09162441,0.093976475,0.09626746,0.098490015,0.1006369,0.102701,0.104675345,0.1065532,0.10832802,0.10999365,0.11154412,0.11297389,0.11427781,0.11545107,0.11648939,0.11738893,0.11814633,0.11875877,0.11922392,0.11954007,0.119706005,0.11972111,0.11958529,0.11929911,0.11886362,0.11828047,0.11755184,0.11668047,0.1156696,0.114522986,0.113244824,0.111839816,0.110313036,0.108669974,0.106916465,0.1050587,0.1031031,0.10105639,0.09892547,0.09671745,0.094439544,0.09209907,0.0897034,0.087259956,0.08477608,0.0822591,0.07971628,0.077154696,0.07458132,0.07200291,0.06942604,0.066857025,0.06430193,0.061766554,0.059256367,0.26791334,0.26546875,0.26306385,0.2607029
0.0007183301,0.00080374035,0.0008981722,0.0010024338,0.001117388,0.0012439548,0.001383112,0.0015358985,0.0017034129,0.0018868166,0.002087333,0.002306249,0.0025449137,0.0028047378,0.003087194,0.0033938135,0.0037261853,0.0040859533,0.0044748117,0.0048945034,0.005346813,0.0058335615,0.006356603,0.0069178143,0.0075190887,0.008162326,0.008849429,0.009582285,0.010362759,0.011192683,0.012073843,0.013007965,0.013996701,0.015041616,0.016144173,0.017305719,0.018527463,0.019810468,0.021155631,0.022563672,0.024035102,0.02557023,0.027169133,0.028831638,0.030557327,0.0323455,0.03419517,0.036105063,0.038073592,0.040098865,0.042178646,0.0443104,0.04649123,0.04871793,0.050986953,0.053294413,0.055636093,0.058007475,0.060403723,0.06281969,0.065249965,0.06768885,0.07013041,0.07256847,0.07499665,0.07740841,0.07979704,0.08215571,0.084477514,0.086755455,0.088982545,0.0911518,0.09325625,0.09528905,0.097243465,0.09911289,0.10089096,0.10257149,0.1041486,0.10561668,0.10697048,0.10820508,0.10931602,0.110299155,0.111150905,0.11186806,0.11244794,0.11288839,0.113187745,0.11334485,0.113359146,0.113230556,0.11295958,0.11254723,0.11199508,0.11130517,0.1104801,0.109522946,0.108437255,0.10722702,0.105896674,0.10445102,0.102895275,0.10123496,0.099475905,0.09762422,0.09568627,0.093668595,0.09157791,0.08942105,0.08720495,0.08493659,0.08262298,0.080271095,0.077887885,0.07548018,0.073054716,0.070618086,0.068176694,0.065736756,0.06330426,0.060884945,0.058484294,0.056107495,0.053759456,0.26258156,0.47144127,0.68034256
